"Step","prudent_train_env_t05_d07_A2C_100_100_1000_RUN - cost","prudent_train_env_t05_d07_A2C_100_100_1000_RUN - cost__MIN","prudent_train_env_t05_d07_A2C_100_100_1000_RUN - cost__MAX","neutral_train_env_t05_d07_A2C_200_200_2000_RUN - cost","neutral_train_env_t05_d07_A2C_200_200_2000_RUN - cost__MIN","neutral_train_env_t05_d07_A2C_200_200_2000_RUN - cost__MAX","resistant_train_env_t05_d07_A2C_200_200_2000_RUN - cost","resistant_train_env_t05_d07_A2C_200_200_2000_RUN - cost__MIN","resistant_train_env_t05_d07_A2C_200_200_2000_RUN - cost__MAX","receptive_train_env_t05_d07_A2C_*100_*100_*1000_RUN - cost","receptive_train_env_t05_d07_A2C_*100_*100_*1000_RUN - cost__MIN","receptive_train_env_t05_d07_A2C_*100_*100_*1000_RUN - cost__MAX"
"0","4092.044288848443","4092.044288848443","4092.044288848443","11354.564533100754","11354.564533100754","11354.564533100754","10449.991813551345","10449.991813551345","10449.991813551345","13621.87414702277","13621.87414702277","13621.87414702277"
"1","3902.8769188723777","3902.8769188723777","3902.8769188723777","11837.788722286568","11837.788722286568","11837.788722286568","10644.0262264562","10644.0262264562","10644.0262264562","13037.233128704682","13037.233128704682","13037.233128704682"
"2","4032.595648617633","4032.595648617633","4032.595648617633","12109.134379000825","12109.134379000825","12109.134379000825","10296.862329321928","10296.862329321928","10296.862329321928","13495.840966396036","13495.840966396036","13495.840966396036"
"3","4062.8671229795727","4062.8671229795727","4062.8671229795727","12158.988018407661","12158.988018407661","12158.988018407661","10098.884962130162","10098.884962130162","10098.884962130162","13519.376427417166","13519.376427417166","13519.376427417166"
"4","4102.0475347561605","4102.0475347561605","4102.0475347561605","12091.286255451758","12091.286255451758","12091.286255451758","10191.955517559876","10191.955517559876","10191.955517559876","13475.39564107834","13475.39564107834","13475.39564107834"
"5","4059.095094520064","4059.095094520064","4059.095094520064","12004.625854883954","12004.625854883954","12004.625854883954","10216.013195394622","10216.013195394622","10216.013195394622","13174.9424801297","13174.9424801297","13174.9424801297"
"6","4053.038957287326","4053.038957287326","4053.038957287326","11947.696425326327","11947.696425326327","11947.696425326327","10211.018860828963","10211.018860828963","10211.018860828963","12949.124556048626","12949.124556048626","12949.124556048626"
"7","4075.3564359560364","4075.3564359560364","4075.3564359560364","11904.820942540286","11904.820942540286","11904.820942540286","10146.575292523661","10146.575292523661","10146.575292523661","12740.603400074979","12740.603400074979","12740.603400074979"
"8","4028.6615670255437","4028.6615670255437","4028.6615670255437","11824.026822272739","11824.026822272739","11824.026822272739","10075.291118935485","10075.291118935485","10075.291118935485","12620.061708246662","12620.061708246662","12620.061708246662"
"9","3995.917149825279","3995.917149825279","3995.917149825279","11714.088547997972","11714.088547997972","11714.088547997972","9951.90567623848","9951.90567623848","9951.90567623848","12502.690429815373","12502.690429815373","12502.690429815373"
"10","4033.288218946688","4033.288218946688","4033.288218946688","11599.47089756908","11599.47089756908","11599.47089756908","9872.351998374106","9872.351998374106","9872.351998374106","12397.654251916229","12397.654251916229","12397.654251916229"
"11","4016.136038051116","4016.136038051116","4016.136038051116","11543.477361886065","11543.477361886065","11543.477361886065","9791.844697553652","9791.844697553652","9791.844697553652","12328.008224057914","12328.008224057914","12328.008224057914"
"12","4048.598193484737","4048.598193484737","4048.598193484737","11477.241679361457","11477.241679361457","11477.241679361457","9750.674335128044","9750.674335128044","9750.674335128044","12288.293521093949","12288.293521093949","12288.293521093949"
"13","4055.461365529382","4055.461365529382","4055.461365529382","11383.805304568223","11383.805304568223","11383.805304568223","9716.304840037596","9716.304840037596","9716.304840037596","12224.07196265336","12224.07196265336","12224.07196265336"
"14","4039.00363701971","4039.00363701971","4039.00363701971","11341.027120708355","11341.027120708355","11341.027120708355","9634.245480870655","9634.245480870655","9634.245480870655","12156.42923300254","12156.42923300254","12156.42923300254"
"15","4009.9163688430776","4009.9163688430776","4009.9163688430776","11296.677346586313","11296.677346586313","11296.677346586313","9580.71460153937","9580.71460153937","9580.71460153937","12137.965694660828","12137.965694660828","12137.965694660828"
"16","4000.7697465052293","4000.7697465052293","4000.7697465052293","11229.526524469211","11229.526524469211","11229.526524469211","9530.156644458768","9530.156644458768","9530.156644458768","12079.231567823459","12079.231567823459","12079.231567823459"
"17","4012.962918822104","4012.962918822104","4012.962918822104","11204.667357811115","11204.667357811115","11204.667357811115","9496.89238782088","9496.89238782088","9496.89238782088","12049.532473176321","12049.532473176321","12049.532473176321"
"18","4012.729973311732","4012.729973311732","4012.729973311732","11151.554292983583","11151.554292983583","11151.554292983583","9474.0150404424","9474.0150404424","9474.0150404424","12053.033684952139","12053.033684952139","12053.033684952139"
"19","3999.3707845287004","3999.3707845287004","3999.3707845287004","11128.160639920967","11128.160639920967","11128.160639920967","9457.989628342446","9457.989628342446","9457.989628342446","12016.040931476218","12016.040931476218","12016.040931476218"
"20","3997.915402716544","3997.915402716544","3997.915402716544","11108.140788960622","11108.140788960622","11108.140788960622","9462.154166539405","9462.154166539405","9462.154166539405","11973.665716001819","11973.665716001819","11973.665716001819"
"21","4005.4624685230065","4005.4624685230065","4005.4624685230065","11081.05399069917","11081.05399069917","11081.05399069917","9453.736810388396","9453.736810388396","9453.736810388396","11953.017305291041","11953.017305291041","11953.017305291041"
"22","4038.935660312767","4038.935660312767","4038.935660312767","11053.346911022494","11053.346911022494","11053.346911022494","9464.435372215856","9464.435372215856","9464.435372215856","11951.974398027576","11951.974398027576","11951.974398027576"
"23","4056.1003451295105","4056.1003451295105","4056.1003451295105","11027.751951437336","11027.751951437336","11027.751951437336","9485.816666624216","9485.816666624216","9485.816666624216","11941.928825708483","11941.928825708483","11941.928825708483"
"24","4069.1788067439147","4069.1788067439147","4069.1788067439147","11020.921895545735","11020.921895545735","11020.921895545735","9500.212213212848","9500.212213212848","9500.212213212848","11925.602219082632","11925.602219082632","11925.602219082632"
"25","4068.2957728724086","4068.2957728724086","4068.2957728724086","11007.024932941837","11007.024932941837","11007.024932941837","9511.143611398087","9511.143611398087","9511.143611398087","11893.19146393316","11893.19146393316","11893.19146393316"
"26","4073.7473157343707","4073.7473157343707","4073.7473157343707","10983.945503059907","10983.945503059907","10983.945503059907","9523.938925816894","9523.938925816894","9523.938925816894","11888.72167696677","11888.72167696677","11888.72167696677"
"27","4078.6354959378054","4078.6354959378054","4078.6354959378054","10966.825171741159","10966.825171741159","10966.825171741159","9535.062229786574","9535.062229786574","9535.062229786574","11882.81459499916","11882.81459499916","11882.81459499916"
"28","4099.922190456818","4099.922190456818","4099.922190456818","10952.45498492255","10952.45498492255","10952.45498492255","9545.835913183859","9545.835913183859","9545.835913183859","11875.089333403068","11875.089333403068","11875.089333403068"
"29","4112.703184465705","4112.703184465705","4112.703184465705","10931.523440687506","10931.523440687506","10931.523440687506","9563.666471646331","9563.666471646331","9563.666471646331","11867.012045653419","11867.012045653419","11867.012045653419"
"30","4110.404008938525","4110.404008938525","4110.404008938525","10907.754842383454","10907.754842383454","10907.754842383454","9567.858065761917","9567.858065761917","9567.858065761917","11867.378016841025","11867.378016841025","11867.378016841025"
"31","4115.515620673669","4115.515620673669","4115.515620673669","10881.547908526663","10881.547908526663","10881.547908526663","9577.987657788268","9577.987657788268","9577.987657788268","11866.875981813053","11866.875981813053","11866.875981813053"
"32","4107.331437154595","4107.331437154595","4107.331437154595","10867.66244040805","10867.66244040805","10867.66244040805","9588.795904374083","9588.795904374083","9588.795904374083","11869.812994491489","11869.812994491489","11869.812994491489"
"33","4093.4091521593327","4093.4091521593327","4093.4091521593327","10846.244060471068","10846.244060471068","10846.244060471068","9609.896948677993","9609.896948677993","9609.896948677993","11866.103217620448","11866.103217620448","11866.103217620448"
"34","4066.8644412206695","4066.8644412206695","4066.8644412206695","10838.335693367348","10838.335693367348","10838.335693367348","9619.899433134253","9619.899433134253","9619.899433134253","11873.464655372773","11873.464655372773","11873.464655372773"
"35","4042.5231535585826","4042.5231535585826","4042.5231535585826","10823.706921921543","10823.706921921543","10823.706921921543","9632.615600055862","9632.615600055862","9632.615600055862","11866.369728045107","11866.369728045107","11866.369728045107"
"36","4022.2271428183194","4022.2271428183194","4022.2271428183194","10810.544507764378","10810.544507764378","10810.544507764378","9636.86611309594","9636.86611309594","9636.86611309594","11871.842307164034","11871.842307164034","11871.842307164034"
"37","3997.473885042236","3997.473885042236","3997.473885042236","10800.852855076111","10800.852855076111","10800.852855076111","9655.657180423288","9655.657180423288","9655.657180423288","11861.068863760012","11861.068863760012","11861.068863760012"
"38","3974.8058237378355","3974.8058237378355","3974.8058237378355","10789.217657367699","10789.217657367699","10789.217657367699","9663.465679184364","9663.465679184364","9663.465679184364","11860.91929201903","11860.91929201903","11860.91929201903"
"39","3957.8970273299433","3957.8970273299433","3957.8970273299433","10790.907762500354","10790.907762500354","10790.907762500354","9670.03093397764","9670.03093397764","9670.03093397764","11862.848025661187","11862.848025661187","11862.848025661187"
"40","3960.745329490263","3960.745329490263","3960.745329490263","10785.78256939121","10785.78256939121","10785.78256939121","9683.214211278864","9683.214211278864","9683.214211278864","11856.123902623383","11856.123902623383","11856.123902623383"
"41","3958.092157306431","3958.092157306431","3958.092157306431","10771.458800513637","10771.458800513637","10771.458800513637","9687.051973172873","9687.051973172873","9687.051973172873","11842.002917890311","11842.002917890311","11842.002917890311"
"42","3941.158134925295","3941.158134925295","3941.158134925295","10758.64837421488","10758.64837421488","10758.64837421488","9698.113013138403","9698.113013138403","9698.113013138403","11845.429372905688","11845.429372905688","11845.429372905688"
"43","3944.012002166356","3944.012002166356","3944.012002166356","10759.64087244758","10759.64087244758","10759.64087244758","9697.768130299874","9697.768130299874","9697.768130299874","11846.787083146435","11846.787083146435","11846.787083146435"
"44","3928.4455543763297","3928.4455543763297","3928.4455543763297","10752.904146884086","10752.904146884086","10752.904146884086","9693.3218928154","9693.3218928154","9693.3218928154","11841.012265807962","11841.012265807962","11841.012265807962"
"45","3921.452055370139","3921.452055370139","3921.452055370139","10756.875469244978","10756.875469244978","10756.875469244978","9686.412051616946","9686.412051616946","9686.412051616946","11839.696401095262","11839.696401095262","11839.696401095262"
"46","3910.8574873358643","3910.8574873358643","3910.8574873358643","10751.091518908543","10751.091518908543","10751.091518908543","9676.811722948196","9676.811722948196","9676.811722948196","11835.973516963999","11835.973516963999","11835.973516963999"
"47","3893.976783071527","3893.976783071527","3893.976783071527","10745.484188444187","10745.484188444187","10745.484188444187","9671.375088730772","9671.375088730772","9671.375088730772","11835.753734840362","11835.753734840362","11835.753734840362"
"48","3876.030747353227","3876.030747353227","3876.030747353227","10734.164724662349","10734.164724662349","10734.164724662349","9661.847132327677","9661.847132327677","9661.847132327677","11825.253932104852","11825.253932104852","11825.253932104852"
"49","3855.5047925548115","3855.5047925548115","3855.5047925548115","10731.369806273577","10731.369806273577","10731.369806273577","9663.745889033793","9663.745889033793","9663.745889033793","11814.51883875063","11814.51883875063","11814.51883875063"
"50","3838.78465857816","3838.78465857816","3838.78465857816","10721.72056372205","10721.72056372205","10721.72056372205","9662.127348495625","9662.127348495625","9662.127348495625","11818.007100438615","11818.007100438615","11818.007100438615"
"51","3814.452148652095","3814.452148652095","3814.452148652095","10711.639399256548","10711.639399256548","10711.639399256548","9653.84599100876","9653.84599100876","9653.84599100876","11818.781470601389","11818.781470601389","11818.781470601389"
"52","3798.3538423167297","3798.3538423167297","3798.3538423167297","10704.423270487625","10704.423270487625","10704.423270487625","9644.676733590084","9644.676733590084","9644.676733590084","11821.28584618302","11821.28584618302","11821.28584618302"
"53","3784.6918976738634","3784.6918976738634","3784.6918976738634","10704.050074178784","10704.050074178784","10704.050074178784","9636.244497348749","9636.244497348749","9636.244497348749","11817.172540401962","11817.172540401962","11817.172540401962"
"54","3774.0830525445745","3774.0830525445745","3774.0830525445745","10699.672290360155","10699.672290360155","10699.672290360155","9626.275227890386","9626.275227890386","9626.275227890386","11813.603894808604","11813.603894808604","11813.603894808604"
"55","3771.335261946578","3771.335261946578","3771.335261946578","10696.320851689965","10696.320851689965","10696.320851689965","9625.629671557152","9625.629671557152","9625.629671557152","11811.604885952436","11811.604885952436","11811.604885952436"
"56","3761.0467457187806","3761.0467457187806","3761.0467457187806","10697.921007714267","10697.921007714267","10697.921007714267","9612.94884602227","9612.94884602227","9612.94884602227","11798.690160215885","11798.690160215885","11798.690160215885"
"57","3758.354137918667","3758.354137918667","3758.354137918667","10697.493253985593","10697.493253985593","10697.493253985593","9606.450510158344","9606.450510158344","9606.450510158344","11794.064848223346","11794.064848223346","11794.064848223346"
"58","3741.0295015203865","3741.0295015203865","3741.0295015203865","10688.646342306498","10688.646342306498","10688.646342306498","9599.681139193126","9599.681139193126","9599.681139193126","11794.867480459494","11794.867480459494","11794.867480459494"
"59","3728.4359026313946","3728.4359026313946","3728.4359026313946","10691.299437379417","10691.299437379417","10691.299437379417","9583.88483820218","9583.88483820218","9583.88483820218","11792.02447915658","11792.02447915658","11792.02447915658"
"60","3724.169835120523","3724.169835120523","3724.169835120523","10695.459021694187","10695.459021694187","10695.459021694187","9572.90400672582","9572.90400672582","9572.90400672582","11791.09650957218","11791.09650957218","11791.09650957218"
"61","3710.4542018880916","3710.4542018880916","3710.4542018880916","10684.28930043743","10684.28930043743","10684.28930043743","9560.890763955696","9560.890763955696","9560.890763955696","11786.127730421758","11786.127730421758","11786.127730421758"
"62","3699.2415701800746","3699.2415701800746","3699.2415701800746","10681.560553522353","10681.560553522353","10681.560553522353","9552.7104598095","9552.7104598095","9552.7104598095","11783.880748643716","11783.880748643716","11783.880748643716"
"63","3691.5922132469404","3691.5922132469404","3691.5922132469404","10674.998631150536","10674.998631150536","10674.998631150536","9547.306406398127","9547.306406398127","9547.306406398127","11781.470037639778","11781.470037639778","11781.470037639778"
"64","3682.7698243783957","3682.7698243783957","3682.7698243783957","10675.215225193271","10675.215225193271","10675.215225193271","9539.441302839154","9539.441302839154","9539.441302839154","11778.139739538214","11778.139739538214","11778.139739538214"
"65","3674.0099827177305","3674.0099827177305","3674.0099827177305","10670.559865607212","10670.559865607212","10670.559865607212","9532.339541371279","9532.339541371279","9532.339541371279","11778.331691200203","11778.331691200203","11778.331691200203"
"66","3661.5478696688406","3661.5478696688406","3661.5478696688406","10665.161340341409","10665.161340341409","10665.161340341409","9523.04053741508","9523.04053741508","9523.04053741508","11769.280791344478","11769.280791344478","11769.280791344478"
"67","3649.208084106263","3649.208084106263","3649.208084106263","10662.127499481338","10662.127499481338","10662.127499481338","9512.26827273862","9512.26827273862","9512.26827273862","11762.428434917216","11762.428434917216","11762.428434917216"
"68","3640.8500874584247","3640.8500874584247","3640.8500874584247","10658.96269869461","10658.96269869461","10658.96269869461","9509.777432109035","9509.777432109035","9509.777432109035","11762.510332437898","11762.510332437898","11762.510332437898"
"69","3631.5536761877393","3631.5536761877393","3631.5536761877393","10663.002105530919","10663.002105530919","10663.002105530919","9503.80851866836","9503.80851866836","9503.80851866836","11756.54616977644","11756.54616977644","11756.54616977644"
"70","3631.0791229704846","3631.0791229704846","3631.0791229704846","10655.125456245909","10655.125456245909","10655.125456245909","9498.260085572243","9498.260085572243","9498.260085572243","11763.669334548036","11763.669334548036","11763.669334548036"
"71","3619.2770574622427","3619.2770574622427","3619.2770574622427","10656.666573134486","10656.666573134486","10656.666573134486","9491.951093673888","9491.951093673888","9491.951093673888","11764.948962118457","11764.948962118457","11764.948962118457"
"72","3607.421365716089","3607.421365716089","3607.421365716089","10657.896034385067","10657.896034385067","10657.896034385067","9485.636515069413","9485.636515069413","9485.636515069413","11762.461744612332","11762.461744612332","11762.461744612332"
"73","3598.6396893346177","3598.6396893346177","3598.6396893346177","10661.862642357477","10661.862642357477","10661.862642357477","9479.33352309934","9479.33352309934","9479.33352309934","11760.244662998792","11760.244662998792","11760.244662998792"
"74","3593.9455976332833","3593.9455976332833","3593.9455976332833","10661.222274980242","10661.222274980242","10661.222274980242","9477.857893361122","9477.857893361122","9477.857893361122","11763.157855450234","11763.157855450234","11763.157855450234"
"75","3584.797956918101","3584.797956918101","3584.797956918101","10653.69008703816","10653.69008703816","10653.69008703816","9476.000553765454","9476.000553765454","9476.000553765454","11761.709443711543","11761.709443711543","11761.709443711543"
"76","3578.7939511877494","3578.7939511877494","3578.7939511877494","10657.297738967403","10657.297738967403","10657.297738967403","9468.05235332684","9468.05235332684","9468.05235332684","11757.313579613236","11757.313579613236","11757.313579613236"
"77","3574.329581214611","3574.329581214611","3574.329581214611","10659.416711638136","10659.416711638136","10659.416711638136","9461.184343556497","9461.184343556497","9461.184343556497","11759.523020085397","11759.523020085397","11759.523020085397"
"78","3567.6780084727893","3567.6780084727893","3567.6780084727893","10649.097964948414","10649.097964948414","10649.097964948414","9461.021864769991","9461.021864769991","9461.021864769991","11753.786546659592","11753.786546659592","11753.786546659592"
"79","3565.3220011546173","3565.3220011546173","3565.3220011546173","10644.938095410178","10644.938095410178","10644.938095410178","9456.424923653314","9456.424923653314","9456.424923653314","11758.62875037872","11758.62875037872","11758.62875037872"
"80","3561.1131067682713","3561.1131067682713","3561.1131067682713","10640.301252880987","10640.301252880987","10640.301252880987","9451.73851488057","9451.73851488057","9451.73851488057","11755.224779133343","11755.224779133343","11755.224779133343"
"81","3552.4794620330404","3552.4794620330404","3552.4794620330404","10635.429223504632","10635.429223504632","10635.429223504632","9445.0471809359","9445.0471809359","9445.0471809359","11754.472820103027","11754.472820103027","11754.472820103027"
"82","3542.4652646162017","3542.4652646162017","3542.4652646162017","10635.494604936863","10635.494604936863","10635.494604936863","9439.89838621483","9439.89838621483","9439.89838621483","11750.947697881398","11750.947697881398","11750.947697881398"
"83","3534.2818091064364","3534.2818091064364","3534.2818091064364","10634.831639265365","10634.831639265365","10634.831639265365","9433.987271854285","9433.987271854285","9433.987271854285","11748.938014095052","11748.938014095052","11748.938014095052"
"84","3533.9403710188967","3533.9403710188967","3533.9403710188967","10627.395656515982","10627.395656515982","10627.395656515982","9431.676004953335","9431.676004953335","9431.676004953335","11744.731331184626","11744.731331184626","11744.731331184626"
"85","3526.8753184880284","3526.8753184880284","3526.8753184880284","10628.262605094316","10628.262605094316","10628.262605094316","9430.746018918573","9430.746018918573","9430.746018918573","11738.999992785713","11738.999992785713","11738.999992785713"
"86","3523.999811202655","3523.999811202655","3523.999811202655","10622.043735161848","10622.043735161848","10622.043735161848","9424.30354574972","9424.30354574972","9424.30354574972","11735.375963979777","11735.375963979777","11735.375963979777"
"87","3517.327914378099","3517.327914378099","3517.327914378099","10622.176505839705","10622.176505839705","10622.176505839705","9425.105807583115","9425.105807583115","9425.105807583115","11735.832903793033","11735.832903793033","11735.832903793033"
"88","3516.3806112881193","3516.3806112881193","3516.3806112881193","10618.406628596145","10618.406628596145","10618.406628596145","9426.372363723678","9426.372363723678","9426.372363723678","11736.622354986215","11736.622354986215","11736.622354986215"
"89","3507.966843587734","3507.966843587734","3507.966843587734","10619.639744337564","10619.639744337564","10619.639744337564","9419.822986260373","9419.822986260373","9419.822986260373","11729.559553747704","11729.559553747704","11729.559553747704"
"90","3505.472933724955","3505.472933724955","3505.472933724955","10620.448810506541","10620.448810506541","10620.448810506541","9414.954003087838","9414.954003087838","9414.954003087838","11730.066425901126","11730.066425901126","11730.066425901126"
"91","3500.771034782526","3500.771034782526","3500.771034782526","10619.927681789524","10619.927681789524","10619.927681789524","9410.332061382154","9410.332061382154","9410.332061382154","11733.991638193478","11733.991638193478","11733.991638193478"
"92","3498.075058965378","3498.075058965378","3498.075058965378","10619.736546261145","10619.736546261145","10619.736546261145","9407.928193964914","9407.928193964914","9407.928193964914","11729.467527503515","11729.467527503515","11729.467527503515"
"93","3494.3962098653637","3494.3962098653637","3494.3962098653637","10617.439585056809","10617.439585056809","10617.439585056809","9404.075956512","9404.075956512","9404.075956512","11730.12175782314","11730.12175782314","11730.12175782314"
"94","3488.4018426147204","3488.4018426147204","3488.4018426147204","10613.656854292403","10613.656854292403","10613.656854292403","9397.37605438352","9397.37605438352","9397.37605438352","11729.25651336548","11729.25651336548","11729.25651336548"
"95","3482.7876508693766","3482.7876508693766","3482.7876508693766","10603.780994876119","10603.780994876119","10603.780994876119","9391.715402012953","9391.715402012953","9391.715402012953","11726.053050805125","11726.053050805125","11726.053050805125"
"96","3473.2248745571533","3473.2248745571533","3473.2248745571533","10606.16332482875","10606.16332482875","10606.16332482875","9387.691174309657","9387.691174309657","9387.691174309657","11722.990245148232","11722.990245148232","11722.990245148232"
"97","3466.945112880475","3466.945112880475","3466.945112880475","10605.275385032617","10605.275385032617","10605.275385032617","9382.475539305278","9382.475539305278","9382.475539305278","11726.27973641095","11726.27973641095","11726.27973641095"
"98","3461.7291356050428","3461.7291356050428","3461.7291356050428","10603.564653422292","10603.564653422292","10603.564653422292","9379.864829477548","9379.864829477548","9379.864829477548","11728.099329227876","11728.099329227876","11728.099329227876"
"99","3459.1862861812547","3459.1862861812547","3459.1862861812547","10605.570552952855","10605.570552952855","10605.570552952855","9370.666184713857","9370.666184713857","9370.666184713857","11728.145876582039","11728.145876582039","11728.145876582039"
"100","3456.048666925586","3456.048666925586","3456.048666925586","10607.626235119807","10607.626235119807","10607.626235119807","9368.759620840385","9368.759620840385","9368.759620840385","11727.624424797641","11727.624424797641","11727.624424797641"
"101","3454.6836227840554","3454.6836227840554","3454.6836227840554","10612.216638881811","10612.216638881811","10612.216638881811","9370.70677615521","9370.70677615521","9370.70677615521","11732.613352482702","11732.613352482702","11732.613352482702"
"102","3452.947591916991","3452.947591916991","3452.947591916991","10609.260808532441","10609.260808532441","10609.260808532441","9366.830941604805","9366.830941604805","9366.830941604805","11729.946303035533","11729.946303035533","11729.946303035533"
"103","3453.916894368157","3453.916894368157","3453.916894368157","10609.590947480427","10609.590947480427","10609.590947480427","9363.569019431769","9363.569019431769","9363.569019431769","11728.216067730089","11728.216067730089","11728.216067730089"
"104","3450.551547974406","3450.551547974406","3450.551547974406","10610.378892969411","10610.378892969411","10610.378892969411","9359.193502907305","9359.193502907305","9359.193502907305","11727.717209383316","11727.717209383316","11727.717209383316"
"105","3443.0311134582885","3443.0311134582885","3443.0311134582885","10607.289340195828","10607.289340195828","10607.289340195828","9359.784010365662","9359.784010365662","9359.784010365662","11728.836410499072","11728.836410499072","11728.836410499072"
"106","3440.8568061134906","3440.8568061134906","3440.8568061134906","10605.82459192376","10605.82459192376","10605.82459192376","9355.861007340185","9355.861007340185","9355.861007340185","11729.257581805243","11729.257581805243","11729.257581805243"
"107","3437.9693435991003","3437.9693435991003","3437.9693435991003","10608.046359370896","10608.046359370896","10608.046359370896","9351.655121905593","9351.655121905593","9351.655121905593","11731.6313763215","11731.6313763215","11731.6313763215"
"108","3432.283209340972","3432.283209340972","3432.283209340972","10607.274156341944","10607.274156341944","10607.274156341944","9349.740430822047","9349.740430822047","9349.740430822047","11731.017764519116","11731.017764519116","11731.017764519116"
"109","3427.3796501249967","3427.3796501249967","3427.3796501249967","10607.380635034133","10607.380635034133","10607.380635034133","9345.56255601256","9345.56255601256","9345.56255601256","11728.140057219629","11728.140057219629","11728.140057219629"
"110","3425.262045555861","3425.262045555861","3425.262045555861","10602.740430887852","10602.740430887852","10602.740430887852","9339.879832356331","9339.879832356331","9339.879832356331","11730.315211548235","11730.315211548235","11730.315211548235"
"111","3419.7420716282386","3419.7420716282386","3419.7420716282386","10600.292399706243","10600.292399706243","10600.292399706243","9335.482939226324","9335.482939226324","9335.482939226324","11727.836844597476","11727.836844597476","11727.836844597476"
"112","3414.930725149514","3414.930725149514","3414.930725149514","10601.550520986539","10601.550520986539","10601.550520986539","9330.943103367328","9330.943103367328","9330.943103367328","11727.808377651385","11727.808377651385","11727.808377651385"
"113","3411.3705344678197","3411.3705344678197","3411.3705344678197","10602.25543537185","10602.25543537185","10602.25543537185","9326.930029281973","9326.930029281973","9326.930029281973","11726.867894585179","11726.867894585179","11726.867894585179"
"114","3409.8465139534355","3409.8465139534355","3409.8465139534355","10602.27733672847","10602.27733672847","10602.27733672847","9324.145370347873","9324.145370347873","9324.145370347873","11729.13095435654","11729.13095435654","11729.13095435654"
"115","3410.209556758664","3410.209556758664","3410.209556758664","10600.38495832662","10600.38495832662","10600.38495832662","9322.815112135067","9322.815112135067","9322.815112135067","11727.817318551657","11727.817318551657","11727.817318551657"
"116","3402.3609109472814","3402.3609109472814","3402.3609109472814","10595.709291592371","10595.709291592371","10595.709291592371","9318.579711538876","9318.579711538876","9318.579711538876","11726.524381506739","11726.524381506739","11726.524381506739"
"117","3405.302944235871","3405.302944235871","3405.302944235871","10588.368451908911","10588.368451908911","10588.368451908911","9318.072766389649","9318.072766389649","9318.072766389649","11729.496110249831","11729.496110249831","11729.496110249831"
"118","3403.7394519583886","3403.7394519583886","3403.7394519583886","10589.844484048226","10589.844484048226","10589.844484048226","9315.06664845226","9315.06664845226","9315.06664845226","11733.300837873368","11733.300837873368","11733.300837873368"
"119","3399.2125667513346","3399.2125667513346","3399.2125667513346","10588.212454339831","10588.212454339831","10588.212454339831","9310.034341399858","9310.034341399858","9310.034341399858","11732.628563822343","11732.628563822343","11732.628563822343"
"120","3396.052105058623","3396.052105058623","3396.052105058623","10586.716339877366","10586.716339877366","10586.716339877366","9307.920490052096","9307.920490052096","9307.920490052096","11730.14102773485","11730.14102773485","11730.14102773485"
"121","3391.7900609657518","3391.7900609657518","3391.7900609657518","10585.192684834437","10585.192684834437","10585.192684834437","9305.59730582928","9305.59730582928","9305.59730582928","11729.455673425344","11729.455673425344","11729.455673425344"
"122","3391.2824374075785","3391.2824374075785","3391.2824374075785","10587.720756005905","10587.720756005905","10587.720756005905","9303.317247634996","9303.317247634996","9303.317247634996","11725.82319688932","11725.82319688932","11725.82319688932"
"123","3392.142037174483","3392.142037174483","3392.142037174483","10587.415858846969","10587.415858846969","10587.415858846969","9302.325665349039","9302.325665349039","9302.325665349039","11726.901642444946","11726.901642444946","11726.901642444946"
"124","3391.122274206121","3391.122274206121","3391.122274206121","10586.784816160509","10586.784816160509","10586.784816160509","9301.273696892298","9301.273696892298","9301.273696892298","11730.369092413235","11730.369092413235","11730.369092413235"
"125","3389.5703961418794","3389.5703961418794","3389.5703961418794","10587.205237061537","10587.205237061537","10587.205237061537","9299.752203234691","9299.752203234691","9299.752203234691","11729.793233903752","11729.793233903752","11729.793233903752"
"126","3388.5904843072453","3388.5904843072453","3388.5904843072453","10586.020999472745","10586.020999472745","10586.020999472745","9299.239409714917","9299.239409714917","9299.239409714917","11728.691734098205","11728.691734098205","11728.691734098205"
"127","3386.6826878013853","3386.6826878013853","3386.6826878013853","10585.492744104744","10585.492744104744","10585.492744104744","9294.903144365202","9294.903144365202","9294.903144365202","11724.963239103507","11724.963239103507","11724.963239103507"
"128","3387.940924321849","3387.940924321849","3387.940924321849","10585.862771749258","10585.862771749258","10585.862771749258","9291.995637121528","9291.995637121528","9291.995637121528","11725.393410661287","11725.393410661287","11725.393410661287"
"129","3383.056159052197","3383.056159052197","3383.056159052197","10585.892449089084","10585.892449089084","10585.892449089084","9288.973410472543","9288.973410472543","9288.973410472543","11725.500454295669","11725.500454295669","11725.500454295669"
"130","3379.5156822048525","3379.5156822048525","3379.5156822048525","10586.459745873812","10586.459745873812","10586.459745873812","9286.719326868912","9286.719326868912","9286.719326868912","11723.53471712001","11723.53471712001","11723.53471712001"
"131","3377.985810619898","3377.985810619898","3377.985810619898","10583.154466087813","10583.154466087813","10583.154466087813","9282.997875572008","9282.997875572008","9282.997875572008","11721.69560385998","11721.69560385998","11721.69560385998"
"132","3377.352384405697","3377.352384405697","3377.352384405697","10579.660264351098","10579.660264351098","10579.660264351098","9281.00932085011","9281.00932085011","9281.00932085011","11722.100491541276","11722.100491541276","11722.100491541276"
"133","3375.469228270666","3375.469228270666","3375.469228270666","10580.231667399581","10580.231667399581","10580.231667399581","9279.41724795235","9279.41724795235","9279.41724795235","11720.699393162264","11720.699393162264","11720.699393162264"
"134","3371.9451747713074","3371.9451747713074","3371.9451747713074","10577.65172772813","10577.65172772813","10577.65172772813","9276.09356701085","9276.09356701085","9276.09356701085","11719.690537241071","11719.690537241071","11719.690537241071"
"135","3371.1306168185715","3371.1306168185715","3371.1306168185715","10578.480730010795","10578.480730010795","10578.480730010795","9275.330381639445","9275.330381639445","9275.330381639445","11720.226687808632","11720.226687808632","11720.226687808632"
"136","3369.4242777454124","3369.4242777454124","3369.4242777454124","10575.511430277189","10575.511430277189","10575.511430277189","9270.674668599037","9270.674668599037","9270.674668599037","11719.032342336737","11719.032342336737","11719.032342336737"
"137","3369.381956275065","3369.381956275065","3369.381956275065","10575.759892870845","10575.759892870845","10575.759892870845","9267.933581785997","9267.933581785997","9267.933581785997","11719.197551866473","11719.197551866473","11719.197551866473"
"138","3367.5527900854745","3367.5527900854745","3367.5527900854745","10571.49662640276","10571.49662640276","10571.49662640276","9266.121200242886","9266.121200242886","9266.121200242886","11719.13343974716","11719.13343974716","11719.13343974716"
"139","3363.2009426690624","3363.2009426690624","3363.2009426690624","10568.292610598639","10568.292610598639","10568.292610598639","9263.859888062765","9263.859888062765","9263.859888062765","11715.40159713827","11715.40159713827","11715.40159713827"
"140","3361.4815381209883","3361.4815381209883","3361.4815381209883","10571.681274100858","10571.681274100858","10571.681274100858","9259.988193057316","9259.988193057316","9259.988193057316","11712.554019915118","11712.554019915118","11712.554019915118"
"141","3358.38188918436","3358.38188918436","3358.38188918436","10566.604849654106","10566.604849654106","10566.604849654106","9259.759317398346","9259.759317398346","9259.759317398346","11711.788053265043","11711.788053265043","11711.788053265043"
"142","3356.054969736098","3356.054969736098","3356.054969736098","10566.005376478792","10566.005376478792","10566.005376478792","9260.265890576455","9260.265890576455","9260.265890576455","11712.607766870833","11712.607766870833","11712.607766870833"
"143","3353.663087944299","3353.663087944299","3353.663087944299","10564.730495594118","10564.730495594118","10564.730495594118","9256.84634290275","9256.84634290275","9256.84634290275","11711.247509433186","11711.247509433186","11711.247509433186"
"144","3354.259417535965","3354.259417535965","3354.259417535965","10562.371387306599","10562.371387306599","10562.371387306599","9257.03947821404","9257.03947821404","9257.03947821404","11711.1483659906","11711.1483659906","11711.1483659906"
"145","3356.3774038733536","3356.3774038733536","3356.3774038733536","10560.786139561918","10560.786139561918","10560.786139561918","9255.903360297885","9255.903360297885","9255.903360297885","11713.366059603046","11713.366059603046","11713.366059603046"
"146","3352.6807265876255","3352.6807265876255","3352.6807265876255","10561.025120934359","10561.025120934359","10561.025120934359","9253.52874554198","9253.52874554198","9253.52874554198","11713.338333241183","11713.338333241183","11713.338333241183"
"147","3351.7103600161395","3351.7103600161395","3351.7103600161395","10559.088821973544","10559.088821973544","10559.088821973544","9252.458301571343","9252.458301571343","9252.458301571343","11715.345731307623","11715.345731307623","11715.345731307623"
"148","3348.3821921010035","3348.3821921010035","3348.3821921010035","10558.0067014148","10558.0067014148","10558.0067014148","9249.95482245465","9249.95482245465","9249.95482245465","11713.218673203039","11713.218673203039","11713.218673203039"
"149","3347.080178341475","3347.080178341475","3347.080178341475","10560.462005918647","10560.462005918647","10560.462005918647","9247.885076527387","9247.885076527387","9247.885076527387","11717.039163685955","11717.039163685955","11717.039163685955"
"150","3343.9093492470197","3343.9093492470197","3343.9093492470197","10560.474189413211","10560.474189413211","10560.474189413211","9247.038867171008","9247.038867171008","9247.038867171008","11716.24898309425","11716.24898309425","11716.24898309425"
"151","3341.0646920006534","3341.0646920006534","3341.0646920006534","10560.800289436917","10560.800289436917","10560.800289436917","9243.689156753953","9243.689156753953","9243.689156753953","11717.65526255916","11717.65526255916","11717.65526255916"
"152","3341.264428387194","3341.264428387194","3341.264428387194","10562.79954908995","10562.79954908995","10562.79954908995","9239.296085192229","9239.296085192229","9239.296085192229","11714.029291952435","11714.029291952435","11714.029291952435"
"153","3338.8540864205133","3338.8540864205133","3338.8540864205133","10560.557323153165","10560.557323153165","10560.557323153165","9236.729270822127","9236.729270822127","9236.729270822127","11714.116154545358","11714.116154545358","11714.116154545358"
"154","3337.2835255149776","3337.2835255149776","3337.2835255149776","10559.897786105239","10559.897786105239","10559.897786105239","9236.796075574059","9236.796075574059","9236.796075574059","11714.214270695213","11714.214270695213","11714.214270695213"
"155","3334.9788264978133","3334.9788264978133","3334.9788264978133","10559.839695237713","10559.839695237713","10559.839695237713","9237.30055766843","9237.30055766843","9237.30055766843","11713.920689216156","11713.920689216156","11713.920689216156"
"156","3332.451203056556","3332.451203056556","3332.451203056556","10560.066119910718","10560.066119910718","10560.066119910718","9235.627872302666","9235.627872302666","9235.627872302666","11712.365195303346","11712.365195303346","11712.365195303346"
"157","3330.0545438895756","3330.0545438895756","3330.0545438895756","10559.305002975318","10559.305002975318","10559.305002975318","9235.363876407713","9235.363876407713","9235.363876407713","11709.983471726833","11709.983471726833","11709.983471726833"
"158","3330.5813405500235","3330.5813405500235","3330.5813405500235","10559.724158446932","10559.724158446932","10559.724158446932","9233.416518992497","9233.416518992497","9233.416518992497","11709.786680565921","11709.786680565921","11709.786680565921"
"159","3333.115739505407","3333.115739505407","3333.115739505407","10560.671975770514","10560.671975770514","10560.671975770514","9232.12920502312","9232.12920502312","9232.12920502312","11706.116105133413","11706.116105133413","11706.116105133413"
"160","3331.5014933798107","3331.5014933798107","3331.5014933798107","10559.687246009871","10559.687246009871","10559.687246009871","9230.763008634147","9230.763008634147","9230.763008634147","11702.801301703803","11702.801301703803","11702.801301703803"
"161","3328.324721111408","3328.324721111408","3328.324721111408","10558.016683168446","10558.016683168446","10558.016683168446","9231.061395216086","9231.061395216086","9231.061395216086","11702.998433673267","11702.998433673267","11702.998433673267"
"162","3327.9269000880145","3327.9269000880145","3327.9269000880145","10558.467079747888","10558.467079747888","10558.467079747888","9229.567291241421","9229.567291241421","9229.567291241421","11702.65783995851","11702.65783995851","11702.65783995851"
"163","3326.7770319980073","3326.7770319980073","3326.7770319980073","10559.427500022277","10559.427500022277","10559.427500022277","9227.576597825468","9227.576597825468","9227.576597825468","11703.38515152459","11703.38515152459","11703.38515152459"
"164","3324.7368112562526","3324.7368112562526","3324.7368112562526","10556.54679040453","10556.54679040453","10556.54679040453","9226.122024448145","9226.122024448145","9226.122024448145","11702.64627398007","11702.64627398007","11702.64627398007"
"165","3322.9318592993422","3322.9318592993422","3322.9318592993422","10556.080516666503","10556.080516666503","10556.080516666503","9221.905867424846","9221.905867424846","9221.905867424846","11701.140182598288","11701.140182598288","11701.140182598288"
"166","3320.1712690460786","3320.1712690460786","3320.1712690460786","10556.885100241843","10556.885100241843","10556.885100241843","9218.996639978704","9218.996639978704","9218.996639978704","11700.80418423243","11700.80418423243","11700.80418423243"
"167","3318.9199687368514","3318.9199687368514","3318.9199687368514","10556.42686668144","10556.42686668144","10556.42686668144","9215.391501490743","9215.391501490743","9215.391501490743","11700.73139835063","11700.73139835063","11700.73139835063"
"168","3319.7760952202734","3319.7760952202734","3319.7760952202734","10552.522121357315","10552.522121357315","10552.522121357315","9214.223098569482","9214.223098569482","9214.223098569482","11700.680837331392","11700.680837331392","11700.680837331392"
"169","3317.837065348752","3317.837065348752","3317.837065348752","10554.183472789944","10554.183472789944","10554.183472789944","9212.087655773745","9212.087655773745","9212.087655773745","11700.79625627114","11700.79625627114","11700.79625627114"
"170","3314.649927363296","3314.649927363296","3314.649927363296","10551.616188159629","10551.616188159629","10551.616188159629","9210.782662818297","9210.782662818297","9210.782662818297","11697.846222631035","11697.846222631035","11697.846222631035"
"171","3314.034567934605","3314.034567934605","3314.034567934605","10549.587902058971","10549.587902058971","10549.587902058971","9209.8633742058","9209.8633742058","9209.8633742058","11695.259363005114","11695.259363005114","11695.259363005114"
"172","3310.687755766329","3310.687755766329","3310.687755766329","10549.899670845909","10549.899670845909","10549.899670845909","9208.738378076603","9208.738378076603","9208.738378076603","11693.682853482833","11693.682853482833","11693.682853482833"
"173","3309.1724986406043","3309.1724986406043","3309.1724986406043","10550.60688814748","10550.60688814748","10550.60688814748","9206.141131228549","9206.141131228549","9206.141131228549","11693.374061241188","11693.374061241188","11693.374061241188"
"174","3306.696200637873","3306.696200637873","3306.696200637873","10550.442475096064","10550.442475096064","10550.442475096064","9206.853606471006","9206.853606471006","9206.853606471006","11692.022438805412","11692.022438805412","11692.022438805412"
"175","3304.161173921364","3304.161173921364","3304.161173921364","10548.869620919753","10548.869620919753","10548.869620919753","9205.170469409872","9205.170469409872","9205.170469409872","11688.545833140475","11688.545833140475","11688.545833140475"
"176","3302.7829686108835","3302.7829686108835","3302.7829686108835","10549.29349683397","10549.29349683397","10549.29349683397","9204.435142868695","9204.435142868695","9204.435142868695","11688.67505433996","11688.67505433996","11688.67505433996"
"177","3302.6535275069664","3302.6535275069664","3302.6535275069664","10546.256988189494","10546.256988189494","10546.256988189494","9203.704400039493","9203.704400039493","9203.704400039493","11688.646452174557","11688.646452174557","11688.646452174557"
"178","3299.888339253729","3299.888339253729","3299.888339253729","10546.111859082184","10546.111859082184","10546.111859082184","9204.142390655219","9204.142390655219","9204.142390655219","11688.638706613618","11688.638706613618","11688.638706613618"
"179","3297.593056388657","3297.593056388657","3297.593056388657","10548.022383242409","10548.022383242409","10548.022383242409","9202.775777897428","9202.775777897428","9202.775777897428","11686.925638804103","11686.925638804103","11686.925638804103"
"180","3295.4236956916466","3295.4236956916466","3295.4236956916466","10545.920856779363","10545.920856779363","10545.920856779363","9203.67102823908","9203.67102823908","9203.67102823908","11687.519273944225","11687.519273944225","11687.519273944225"
"181","3296.6401005013468","3296.6401005013468","3296.6401005013468","10545.085035987002","10545.085035987002","10545.085035987002","9200.916431324687","9200.916431324687","9200.916431324687","11688.089482180578","11688.089482180578","11688.089482180578"
"182","3294.4103871999537","3294.4103871999537","3294.4103871999537","10545.214988641104","10545.214988641104","10545.214988641104","9199.978926766622","9199.978926766622","9199.978926766622","11688.665388730476","11688.665388730476","11688.665388730476"
"183","3293.6283077444773","3293.6283077444773","3293.6283077444773","10543.750644325011","10543.750644325011","10543.750644325011","9197.026803440744","9197.026803440744","9197.026803440744","11690.079621947712","11690.079621947712","11690.079621947712"
"184","3290.5316174211334","3290.5316174211334","3290.5316174211334","10542.399769676775","10542.399769676775","10542.399769676775","9195.683017506079","9195.683017506079","9195.683017506079","11689.801154884675","11689.801154884675","11689.801154884675"
"185","3287.8571469485414","3287.8571469485414","3287.8571469485414","10543.97796700934","10543.97796700934","10543.97796700934","9196.783557726265","9196.783557726265","9196.783557726265","11688.750142409874","11688.750142409874","11688.750142409874"
"186","3285.432710722964","3285.432710722964","3285.432710722964","10543.117010863583","10543.117010863583","10543.117010863583","9196.857877076167","9196.857877076167","9196.857877076167","11688.004190150627","11688.004190150627","11688.004190150627"
"187","3285.2176981342195","3285.2176981342195","3285.2176981342195","10542.351061416808","10542.351061416808","10542.351061416808","9194.947748241319","9194.947748241319","9194.947748241319","11687.436436264323","11687.436436264323","11687.436436264323"
"188","3284.3614291433923","3284.3614291433923","3284.3614291433923","10544.026905737473","10544.026905737473","10544.026905737473","9194.219732216383","9194.219732216383","9194.219732216383","11687.364825727951","11687.364825727951","11687.364825727951"
"189","3283.06915181429","3283.06915181429","3283.06915181429","10545.932230028739","10545.932230028739","10545.932230028739","9192.184933996448","9192.184933996448","9192.184933996448","","",""
"190","3282.7790463799543","3282.7790463799543","3282.7790463799543","10544.066906535354","10544.066906535354","10544.066906535354","","","","","",""
"191","3280.282335140307","3280.282335140307","3280.282335140307","10543.61809231873","10543.61809231873","10543.61809231873","","","","","",""
"192","3281.177233901853","3281.177233901853","3281.177233901853","","","","","","","","",""
"193","3279.2613350665642","3279.2613350665642","3279.2613350665642","","","","","","","","",""
"194","3276.735066417181","3276.735066417181","3276.735066417181","","","","","","","","",""