"Step","prudent_train_env_t05_d07_A2C_100_100_1000_RUN - cost","prudent_train_env_t05_d07_A2C_100_100_1000_RUN - cost__MIN","prudent_train_env_t05_d07_A2C_100_100_1000_RUN - cost__MAX","neutral_train_env_t05_d07_A2C_100_100_1000_RUN - cost","neutral_train_env_t05_d07_A2C_100_100_1000_RUN - cost__MIN","neutral_train_env_t05_d07_A2C_100_100_1000_RUN - cost__MAX","resistant_train_env_t05_d07_A2C_100_100_1000_RUN - cost","resistant_train_env_t05_d07_A2C_100_100_1000_RUN - cost__MIN","resistant_train_env_t05_d07_A2C_100_100_1000_RUN - cost__MAX","receptive_train_env_t05_d07_A2C_100_100_1000_RUN - cost","receptive_train_env_t05_d07_A2C_100_100_1000_RUN - cost__MIN","receptive_train_env_t05_d07_A2C_100_100_1000_RUN - cost__MAX"
"0","4092.044288848443","4092.044288848443","4092.044288848443","11354.564533100754","11354.564533100754","11354.564533100754","10449.991813551345","10449.991813551345","10449.991813551345","13621.87414702277","13621.87414702277","13621.87414702277"
"1","3902.8769188723777","3902.8769188723777","3902.8769188723777","11837.788722286568","11837.788722286568","11837.788722286568","10644.0262264562","10644.0262264562","10644.0262264562","13037.625140371349","13037.625140371349","13037.625140371349"
"2","4032.595648617633","4032.595648617633","4032.595648617633","12109.134379000825","12109.134379000825","12109.134379000825","10296.862329321928","10296.862329321928","10296.862329321928","13496.129153479369","13496.129153479369","13496.129153479369"
"3","4062.8671229795727","4062.8671229795727","4062.8671229795727","12158.988018407661","12158.988018407661","12158.988018407661","10098.884962130162","10098.884962130162","10098.884962130162","13536.353154753477","13536.353154753477","13536.353154753477"
"4","4102.0475347561605","4102.0475347561605","4102.0475347561605","12091.286255451758","12091.286255451758","12091.286255451758","10191.955517559876","10191.955517559876","10191.955517559876","13517.863788947387","13517.863788947387","13517.863788947387"
"5","4059.095094520064","4059.095094520064","4059.095094520064","12004.625854883954","12004.625854883954","12004.625854883954","10216.013195394622","10216.013195394622","10216.013195394622","13222.760590853904","13222.760590853904","13222.760590853904"
"6","4053.038957287326","4053.038957287326","4053.038957287326","11947.696425326327","11947.696425326327","11947.696425326327","10204.361765843843","10204.361765843843","10204.361765843843","13013.048873216992","13013.048873216992","13013.048873216992"
"7","4075.3564359560364","4075.3564359560364","4075.3564359560364","11904.820942540286","11904.820942540286","11904.820942540286","10166.053104828348","10166.053104828348","10166.053104828348","12862.226213101821","12862.226213101821","12862.226213101821"
"8","4028.6615670255437","4028.6615670255437","4028.6615670255437","11825.096323106072","11825.096323106072","11825.096323106072","10181.038321845537","10181.038321845537","10181.038321845537","12822.614288751343","12822.614288751343","12822.614288751343"
"9","3995.917149825279","3995.917149825279","3995.917149825279","11755.478182047193","11755.478182047193","11755.478182047193","10151.525002433535","10151.525002433535","10151.525002433535","12772.504717483414","12772.504717483414","12772.504717483414"
"10","4033.288218946688","4033.288218946688","4033.288218946688","11700.370564155617","11700.370564155617","11700.370564155617","10125.408631573408","10125.408631573408","10125.408631573408","12719.94986670644","12719.94986670644","12719.94986670644"
"11","4016.136038051116","4016.136038051116","4016.136038051116","11663.832793747424","11663.832793747424","11663.832793747424","10064.749467212536","10064.749467212536","10064.749467212536","12707.590486281239","12707.590486281239","12707.590486281239"
"12","4048.598193484737","4048.598193484737","4048.598193484737","11614.861289587046","11614.861289587046","11614.861289587046","10015.33535749174","10015.33535749174","10015.33535749174","12699.624965102792","12699.624965102792","12699.624965102792"
"13","4055.461365529382","4055.461365529382","4055.461365529382","11615.598471995778","11615.598471995778","11615.598471995778","9975.685152201148","9975.685152201148","9975.685152201148","12711.889825540073","12711.889825540073","12711.889825540073"
"14","4039.00363701971","4039.00363701971","4039.00363701971","11635.356744620898","11635.356744620898","11635.356744620898","9893.037768795095","9893.037768795095","9893.037768795095","12700.878284372096","12700.878284372096","12700.878284372096"
"15","4009.9163688430776","4009.9163688430776","4009.9163688430776","11639.495525781658","11639.495525781658","11639.495525781658","9834.19403957307","9834.19403957307","9834.19403957307","12738.946080085127","12738.946080085127","12738.946080085127"
"16","4000.7697465052293","4000.7697465052293","4000.7697465052293","11649.274330921608","11649.274330921608","11649.274330921608","9772.716066569968","9772.716066569968","9772.716066569968","12732.65104112344","12732.65104112344","12732.65104112344"
"17","4012.962918822104","4012.962918822104","4012.962918822104","11673.98356144414","11673.98356144414","11673.98356144414","9720.521333345103","9720.521333345103","9720.521333345103","12746.41504233393","12746.41504233393","12746.41504233393"
"18","4012.729973311732","4012.729973311732","4012.729973311732","11692.657984924845","11692.657984924845","11692.657984924845","9678.767613774247","9678.767613774247","9678.767613774247","12795.120750539552","12795.120750539552","12795.120750539552"
"19","3999.3707845287004","3999.3707845287004","3999.3707845287004","11711.11044113064","11711.11044113064","11711.11044113064","9647.501352879184","9647.501352879184","9647.501352879184","12813.139638782544","12813.139638782544","12813.139638782544"
"20","3997.915402716544","3997.915402716544","3997.915402716544","11752.633969999364","11752.633969999364","11752.633969999364","9653.673533145184","9653.673533145184","9653.673533145184","12800.867175027097","12800.867175027097","12800.867175027097"
"21","4005.4624685230065","4005.4624685230065","4005.4624685230065","11749.280349822175","11749.280349822175","11749.280349822175","9663.678885459258","9663.678885459258","9663.678885459258","12811.091234278936","12811.091234278936","12811.091234278936"
"22","4038.935660312767","4038.935660312767","4038.935660312767","11780.213302352688","11780.213302352688","11780.213302352688","9683.276880745518","9683.276880745518","9683.276880745518","12842.862910110569","12842.862910110569","12842.862910110569"
"23","4056.1003451295105","4056.1003451295105","4056.1003451295105","11795.69091585616","11795.69091585616","11795.69091585616","9717.185791425649","9717.185791425649","9717.185791425649","12862.892178684337","12862.892178684337","12862.892178684337"
"24","4069.1788067439147","4069.1788067439147","4069.1788067439147","11851.175235293937","11851.175235293937","11851.175235293937","9777.509607321766","9777.509607321766","9777.509607321766","12877.626045534234","12877.626045534234","12877.626045534234"
"25","4068.2957728724086","4068.2957728724086","4068.2957728724086","11887.746758742356","11887.746758742356","11887.746758742356","9868.363467303703","9868.363467303703","9868.363467303703","12883.149671308609","12883.149671308609","12883.149671308609"
"26","4073.7473157343707","4073.7473157343707","4073.7473157343707","11924.74923134681","11924.74923134681","11924.74923134681","9940.708047077016","9940.708047077016","9940.708047077016","12906.723935394943","12906.723935394943","12906.723935394943"
"27","4078.6354959378054","4078.6354959378054","4078.6354959378054","11942.55921211171","11942.55921211171","11942.55921211171","10008.64722886505","10008.64722886505","10008.64722886505","12923.800480592312","12923.800480592312","12923.800480592312"
"28","4099.922190456818","4099.922190456818","4099.922190456818","11944.05630524383","11944.05630524383","11944.05630524383","10077.326508855938","10077.326508855938","10077.326508855938","12935.548643625414","12935.548643625414","12935.548643625414"
"29","4112.703184465705","4112.703184465705","4112.703184465705","11955.925704067153","11955.925704067153","11955.925704067153","10137.308505748506","10137.308505748506","10137.308505748506","12944.857612714926","12944.857612714926","12944.857612714926"
"30","4110.404008938525","4110.404008938525","4110.404008938525","11968.56494159346","11968.56494159346","11968.56494159346","10181.574133207037","10181.574133207037","10181.574133207037","12958.119447979028","12958.119447979028","12958.119447979028"
"31","4115.515620673669","4115.515620673669","4115.515620673669","11980.694982110972","11980.694982110972","11980.694982110972","10231.169376177002","10231.169376177002","10231.169376177002","12978.125376518063","12978.125376518063","12978.125376518063"
"32","4107.331437154595","4107.331437154595","4107.331437154595","11982.982492581004","11982.982492581004","11982.982492581004","10278.78391032087","10278.78391032087","10278.78391032087","12986.51651644341","12986.51651644341","12986.51651644341"
"33","4093.4091521593327","4093.4091521593327","4093.4091521593327","11997.604575033089","11997.604575033089","11997.604575033089","10331.031811600375","10331.031811600375","10331.031811600375","12995.832809728141","12995.832809728141","12995.832809728141"
"34","4066.8644412206695","4066.8644412206695","4066.8644412206695","12014.783445254321","12014.783445254321","12014.783445254321","10365.70213705657","10365.70213705657","10365.70213705657","13016.159260133123","13016.159260133123","13016.159260133123"
"35","4042.5231535585826","4042.5231535585826","4042.5231535585826","12020.94794674503","12020.94794674503","12020.94794674503","10412.701626191709","10412.701626191709","10412.701626191709","13023.507068488656","13023.507068488656","13023.507068488656"
"36","4022.2271428183194","4022.2271428183194","4022.2271428183194","12026.642592142438","12026.642592142438","12026.642592142438","10447.839342914089","10447.839342914089","10447.839342914089","13035.375611672853","13035.375611672853","13035.375611672853"
"37","3997.473885042236","3997.473885042236","3997.473885042236","12039.38792190206","12039.38792190206","12039.38792190206","10493.69136950353","10493.69136950353","10493.69136950353","13041.032679020202","13041.032679020202","13041.032679020202"
"38","3974.8058237378355","3974.8058237378355","3974.8058237378355","12045.804624999786","12045.804624999786","12045.804624999786","10528.030145275545","10528.030145275545","10528.030145275545","13057.004399108513","13057.004399108513","13057.004399108513"
"39","3957.8970273299433","3957.8970273299433","3957.8970273299433","12047.292124935873","12047.292124935873","12047.292124935873","10558.41570414502","10558.41570414502","10558.41570414502","13066.754735892515","13066.754735892515","13066.754735892515"
"40","3960.745329490263","3960.745329490263","3960.745329490263","12049.086197193523","12049.086197193523","12049.086197193523","10584.756738592589","10584.756738592589","10584.756738592589","13069.557148143671","13069.557148143671","13069.557148143671"
"41","3958.092157306431","3958.092157306431","3958.092157306431","12039.920474236324","12039.920474236324","12039.920474236324","10609.631500095982","10609.631500095982","10609.631500095982","13065.839342308087","13065.839342308087","13065.839342308087"
"42","3941.158134925295","3941.158134925295","3941.158134925295","12032.651344109872","12032.651344109872","12032.651344109872","10637.563605121075","10637.563605121075","10637.563605121075","13075.324708118664","13075.324708118664","13075.324708118664"
"43","3944.012002166356","3944.012002166356","3944.012002166356","12043.416921873782","12043.416921873782","12043.416921873782","10660.139249644923","10660.139249644923","10660.139249644923","13082.942457272475","13082.942457272475","13082.942457272475"
"44","3928.4455543763297","3928.4455543763297","3928.4455543763297","12046.292548578356","12046.292548578356","12046.292548578356","10677.792854752004","10677.792854752004","10677.792854752004","13080.980102152827","13080.980102152827","13080.980102152827"
"45","3921.452055370139","3921.452055370139","3921.452055370139","12046.705341269166","12046.705341269166","12046.705341269166","10701.153676531361","10701.153676531361","10701.153676531361","13087.125762781285","13087.125762781285","13087.125762781285"
"46","3910.8574873358643","3910.8574873358643","3910.8574873358643","12046.104159513721","12046.104159513721","12046.104159513721","10725.85885676711","10725.85885676711","10725.85885676711","13094.534952535314","13094.534952535314","13094.534952535314"
"47","3893.976783071527","3893.976783071527","3893.976783071527","12045.185611736468","12045.185611736468","12045.185611736468","10743.44856417263","10743.44856417263","10743.44856417263","13098.03160411529","13098.03160411529","13098.03160411529"
"48","3876.030747353227","3876.030747353227","3876.030747353227","12044.072545293997","12044.072545293997","12044.072545293997","10757.57401913781","10757.57401913781","10757.57401913781","13095.056627775493","13095.056627775493","13095.056627775493"
"49","3855.5047925548115","3855.5047925548115","3855.5047925548115","12056.979694975364","12056.979694975364","12056.979694975364","10784.62339558641","10784.62339558641","10784.62339558641","13097.5586845161","13097.5586845161","13097.5586845161"
"50","3838.78465857816","3838.78465857816","3838.78465857816","12041.21115532014","12041.21115532014","12041.21115532014","10805.741147077812","10805.741147077812","10805.741147077812","13110.21937837018","13110.21937837018","13110.21937837018"
"51","3814.452148652095","3814.452148652095","3814.452148652095","12030.214409395596","12030.214409395596","12030.214409395596","10823.34073803656","10823.34073803656","10823.34073803656","13116.468865801375","13116.468865801375","13116.468865801375"
"52","3798.3538423167297","3798.3538423167297","3798.3538423167297","12028.263785372457","12028.263785372457","12028.263785372457","10839.729116094733","10839.729116094733","10839.729116094733","13131.469457555862","13131.469457555862","13131.469457555862"
"53","3784.6918976738634","3784.6918976738634","3784.6918976738634","12026.505437980026","12026.505437980026","12026.505437980026","10854.918731396734","10854.918731396734","10854.918731396734","13132.603888352307","13132.603888352307","13132.603888352307"
"54","3774.0830525445745","3774.0830525445745","3774.0830525445745","12017.469327996007","12017.469327996007","12017.469327996007","10870.155766375281","10870.155766375281","10870.155766375281","13138.641813293772","13138.641813293772","13138.641813293772"
"55","3771.335261946578","3771.335261946578","3771.335261946578","12003.209103031684","12003.209103031684","12003.209103031684","10887.579156313042","10887.579156313042","10887.579156313042","13142.199392294755","13142.199392294755","13142.199392294755"
"56","3761.0467457187806","3761.0467457187806","3761.0467457187806","11999.723845980152","11999.723845980152","11999.723845980152","10901.781400429816","10901.781400429816","10901.781400429816","13139.086615971706","13139.086615971706","13139.086615971706"
"57","3758.354137918667","3758.354137918667","3758.354137918667","11990.181921866932","11990.181921866932","11990.181921866932","10917.70450073149","10917.70450073149","10917.70450073149","13139.407374652594","13139.407374652594","13139.407374652594"
"58","3741.0295015203865","3741.0295015203865","3741.0295015203865","11970.488935461677","11970.488935461677","11970.488935461677","10927.08451874794","10927.08451874794","10927.08451874794","13146.75670539627","13146.75670539627","13146.75670539627"
"59","3728.4359026313946","3728.4359026313946","3728.4359026313946","11955.708804229296","11955.708804229296","11955.708804229296","10941.506392765215","10941.506392765215","10941.506392765215","13144.947849556387","13144.947849556387","13144.947849556387"
"60","3724.169835120523","3724.169835120523","3724.169835120523","11961.539606158489","11961.539606158489","11961.539606158489","10956.494538872015","10956.494538872015","10956.494538872015","13150.190377561426","13150.190377561426","13150.190377561426"
"61","3710.4542018880916","3710.4542018880916","3710.4542018880916","11955.27730296085","11955.27730296085","11955.27730296085","10973.015575009495","10973.015575009495","10973.015575009495","13151.7184544298","13151.7184544298","13151.7184544298"
"62","3699.2415701800746","3699.2415701800746","3699.2415701800746","11950.434318054931","11950.434318054931","11950.434318054931","10983.698878053458","10983.698878053458","10983.698878053458","13150.031275599235","13150.031275599235","13150.031275599235"
"63","3691.5922132469404","3691.5922132469404","3691.5922132469404","11959.84780605547","11959.84780605547","11959.84780605547","10994.95513570266","10994.95513570266","10994.95513570266","13150.119963375122","13150.119963375122","13150.119963375122"
"64","3682.7698243783957","3682.7698243783957","3682.7698243783957","11965.014116842385","11965.014116842385","11965.014116842385","11007.273645807596","11007.273645807596","11007.273645807596","13151.976648936614","13151.976648936614","13151.976648936614"
"65","3674.0099827177305","3674.0099827177305","3674.0099827177305","11967.313004866197","11967.313004866197","11967.313004866197","11023.53838021212","11023.53838021212","11023.53838021212","13157.86053977012","13157.86053977012","13157.86053977012"
"66","3661.5478696688406","3661.5478696688406","3661.5478696688406","11971.605106656036","11971.605106656036","11971.605106656036","11033.890901541472","11033.890901541472","11033.890901541472","13151.743006722918","13151.743006722918","13151.743006722918"
"67","3649.208084106263","3649.208084106263","3649.208084106263","11978.333149821066","11978.333149821066","11978.333149821066","11046.85751321775","11046.85751321775","11046.85751321775","13150.110430647403","13150.110430647403","13150.110430647403"
"68","3640.8500874584247","3640.8500874584247","3640.8500874584247","11990.094592935613","11990.094592935613","11990.094592935613","11058.619868070318","11058.619868070318","11058.619868070318","13150.719089639926","13150.719089639926","13150.719089639926"
"69","3631.5536761877393","3631.5536761877393","3631.5536761877393","11998.425266876871","11998.425266876871","11998.425266876871","11065.313771997142","11065.313771997142","11065.313771997142","13149.782800500756","13149.782800500756","13149.782800500756"
"70","3631.0791229704846","3631.0791229704846","3631.0791229704846","12002.962873807699","12002.962873807699","12002.962873807699","11072.793077123759","11072.793077123759","11072.793077123759","13157.491353331892","13157.491353331892","13157.491353331892"
"71","3619.2770574622427","3619.2770574622427","3619.2770574622427","12008.80303548217","12008.80303548217","12008.80303548217","11082.20138862761","11082.20138862761","11082.20138862761","13158.59716894668","13158.59716894668","13158.59716894668"
"72","3607.421365716089","3607.421365716089","3607.421365716089","12013.184894074964","12013.184894074964","12013.184894074964","11093.09255768539","11093.09255768539","11093.09255768539","13162.255517605403","13162.255517605403","13162.255517605403"
"73","3598.6396893346177","3598.6396893346177","3598.6396893346177","12017.71194925378","12017.71194925378","12017.71194925378","11101.824242452882","11101.824242452882","11101.824242452882","13165.119789308419","13165.119789308419","13165.119789308419"
"74","3593.9455976332833","3593.9455976332833","3593.9455976332833","12025.106976651306","12025.106976651306","12025.106976651306","11113.96573626248","11113.96573626248","11113.96573626248","13165.605871429565","13165.605871429565","13165.605871429565"
"75","3584.797956918101","3584.797956918101","3584.797956918101","12025.062534110817","12025.062534110817","12025.062534110817","11121.893450982685","11121.893450982685","11121.893450982685","13168.411154732781","13168.411154732781","13168.411154732781"
"76","3578.7939511877494","3578.7939511877494","3578.7939511877494","12031.932364279604","12031.932364279604","12031.932364279604","11131.072992838117","11131.072992838117","11131.072992838117","13167.476803716658","13167.476803716658","13167.476803716658"
"77","3574.329581214611","3574.329581214611","3574.329581214611","12026.844235493265","12026.844235493265","12026.844235493265","11141.267000207035","11141.267000207035","11141.267000207035","13172.529366746336","13172.529366746336","13172.529366746336"
"78","3567.6780084727893","3567.6780084727893","3567.6780084727893","12022.622545309117","12022.622545309117","12022.622545309117","11151.502158527188","11151.502158527188","11151.502158527188","13171.795800727594","13171.795800727594","13171.795800727594"
"79","3565.3220011546173","3565.3220011546173","3565.3220011546173","12020.157839498952","12020.157839498952","12020.157839498952","11159.478002092297","11159.478002092297","11159.478002092297","13178.447105883097","13178.447105883097","13178.447105883097"
"80","3561.1131067682713","3561.1131067682713","3561.1131067682713","12025.750227446324","12025.750227446324","12025.750227446324","11166.664610486043","11166.664610486043","11166.664610486043","13177.411806901113","13177.411806901113","13177.411806901113"
"81","3552.4794620330404","3552.4794620330404","3552.4794620330404","12025.718747149176","12025.718747149176","12025.718747149176","11172.475779262984","11172.475779262984","11172.475779262984","13178.719023443244","13178.719023443244","13178.719023443244"
"82","3542.4652646162017","3542.4652646162017","3542.4652646162017","12019.219460366463","12019.219460366463","12019.219460366463","11180.11653242636","11180.11653242636","11180.11653242636","13177.442459392267","13177.442459392267","13177.442459392267"
"83","3534.2818091064364","3534.2818091064364","3534.2818091064364","12011.483162375338","12011.483162375338","12011.483162375338","11187.586524312203","11187.586524312203","11187.586524312203","13182.107125744758","13182.107125744758","13182.107125744758"
"84","3533.9403710188967","3533.9403710188967","3533.9403710188967","12006.41927542955","12006.41927542955","12006.41927542955","11193.667110317361","11193.667110317361","11193.667110317361","13180.25138859126","13180.25138859126","13180.25138859126"
"85","3526.8753184880284","3526.8753184880284","3526.8753184880284","12008.32641784915","12008.32641784915","12008.32641784915","11200.320812267928","11200.320812267928","11200.320812267928","13179.947220821148","13179.947220821148","13179.947220821148"
"86","3523.999811202655","3523.999811202655","3523.999811202655","12006.95707758165","12006.95707758165","12006.95707758165","11204.009969270845","11204.009969270845","11204.009969270845","13181.360562579257","13181.360562579257","13181.360562579257"
"87","3517.327914378099","3517.327914378099","3517.327914378099","11999.924520094995","11999.924520094995","11999.924520094995","11211.572574631786","11211.572574631786","11211.572574631786","13181.3539937352","13181.3539937352","13181.3539937352"
"88","3516.3806112881193","3516.3806112881193","3516.3806112881193","11995.92794018653","11995.92794018653","11995.92794018653","11215.172390708633","11215.172390708633","11215.172390708633","13185.049008042777","13185.049008042777","13185.049008042777"
"89","3507.966843587734","3507.966843587734","3507.966843587734","11996.793796468904","11996.793796468904","11996.793796468904","11222.390099236341","11222.390099236341","11222.390099236341","13181.033634550147","13181.033634550147","13181.033634550147"
"90","3505.472933724955","3505.472933724955","3505.472933724955","11994.782128395482","11994.782128395482","11994.782128395482","11226.878061661935","11226.878061661935","11226.878061661935","13181.28611000597","13181.28611000597","13181.28611000597"
"91","3500.771034782526","3500.771034782526","3500.771034782526","11989.275030825125","11989.275030825125","11989.275030825125","11232.892813447237","11232.892813447237","11232.892813447237","13186.756109097027","13186.756109097027","13186.756109097027"
"92","3498.075058965378","3498.075058965378","3498.075058965378","11989.137845946421","11989.137845946421","11989.137845946421","11238.393555170727","11238.393555170727","11238.393555170727","13185.509241200465","13185.509241200465","13185.509241200465"
"93","3494.3962098653637","3494.3962098653637","3494.3962098653637","11990.563308075665","11990.563308075665","11990.563308075665","11242.103966393268","11242.103966393268","11242.103966393268","13188.9675320769","13188.9675320769","13188.9675320769"
"94","3488.4018426147204","3488.4018426147204","3488.4018426147204","11982.110342900654","11982.110342900654","11982.110342900654","11246.085048321644","11246.085048321644","11246.085048321644","13190.872247485882","13190.872247485882","13190.872247485882"
"95","3482.7876508693766","3482.7876508693766","3482.7876508693766","11981.379059443425","11981.379059443425","11981.379059443425","11251.12342341901","11251.12342341901","11251.12342341901","13190.170774354838","13190.170774354838","13190.170774354838"
"96","3473.2248745571533","3473.2248745571533","3473.2248745571533","11983.212948452256","11983.212948452256","11983.212948452256","11258.760208705644","11258.760208705644","11258.760208705644","13190.781285362791","13190.781285362791","13190.781285362791"
"97","3466.945112880475","3466.945112880475","3466.945112880475","11984.460446292107","11984.460446292107","11984.460446292107","11263.98168417802","11263.98168417802","11263.98168417802","13194.114686272644","13194.114686272644","13194.114686272644"
"98","3461.7291356050428","3461.7291356050428","3461.7291356050428","11981.636624273357","11981.636624273357","11981.636624273357","11268.436442854438","11268.436442854438","11268.436442854438","13197.676536078547","13197.676536078547","13197.676536078547"
"99","3459.1862861812547","3459.1862861812547","3459.1862861812547","11978.723126683852","11978.723126683852","11978.723126683852","11268.820343561669","11268.820343561669","11268.820343561669","13201.473694116745","13201.473694116745","13201.473694116745"
"100","3456.048666925586","3456.048666925586","3456.048666925586","11980.926582456093","11980.926582456093","11980.926582456093","11274.786142747027","11274.786142747027","11274.786142747027","13203.18425000611","13203.18425000611","13203.18425000611"
"101","3454.6836227840554","3454.6836227840554","3454.6836227840554","11978.726104231604","11978.726104231604","11978.726104231604","11280.385897994141","11280.385897994141","11280.385897994141","13210.667305047567","13210.667305047567","13210.667305047567"
"102","3452.947591916991","3452.947591916991","3452.947591916991","11976.310244762153","11976.310244762153","11976.310244762153","11284.437154944773","11284.437154944773","11284.437154944773","13208.783221213609","13208.783221213609","13208.783221213609"
"103","3453.916894368157","3453.916894368157","3453.916894368157","11974.38848086405","11974.38848086405","11974.38848086405","11289.670044063147","11289.670044063147","11289.670044063147","13207.888797356982","13207.888797356982","13207.888797356982"
"104","3450.551547974406","3450.551547974406","3450.551547974406","11980.539108920704","11980.539108920704","11980.539108920704","11292.666158002014","11292.666158002014","11292.666158002014","13209.388581174362","13209.388581174362","13209.388581174362"
"105","3443.0311134582885","3443.0311134582885","3443.0311134582885","11976.975716596215","11976.975716596215","11976.975716596215","11296.300219745453","11296.300219745453","11296.300219745453","13212.779742765006","13212.779742765006","13212.779742765006"
"106","3440.8568061134906","3440.8568061134906","3440.8568061134906","11977.12907919085","11977.12907919085","11977.12907919085","11302.2792737627","11302.2792737627","11302.2792737627","13215.719146465715","13215.719146465715","13215.719146465715"
"107","3437.9693435991003","3437.9693435991003","3437.9693435991003","11973.421347799465","11973.421347799465","11973.421347799465","11306.3955052456","11306.3955052456","11306.3955052456","13215.67227900949","13215.67227900949","13215.67227900949"
"108","3432.283209340972","3432.283209340972","3432.283209340972","11976.736023108446","11976.736023108446","11976.736023108446","11311.794659642612","11311.794659642612","11311.794659642612","13217.418768404097","13217.418768404097","13217.418768404097"
"109","3427.3796501249967","3427.3796501249967","3427.3796501249967","11977.601392325956","11977.601392325956","11977.601392325956","11315.166882161811","11315.166882161811","11315.166882161811","13214.543646471753","13214.543646471753","13214.543646471753"
"110","3425.262045555861","3425.262045555861","3425.262045555861","11977.864030950144","11977.864030950144","11977.864030950144","11318.485358976626","11318.485358976626","11318.485358976626","13214.763925881181","13214.763925881181","13214.763925881181"
"111","3419.7420716282386","3419.7420716282386","3419.7420716282386","11973.751967483186","11973.751967483186","11973.751967483186","11321.788159374253","11321.788159374253","11321.788159374253","13215.740421735585","13215.740421735585","13215.740421735585"
"112","3414.930725149514","3414.930725149514","3414.930725149514","11973.126928086022","11973.126928086022","11973.126928086022","11325.41783353689","11325.41783353689","11325.41783353689","13216.142245800469","13216.142245800469","13216.142245800469"
"113","3411.3705344678197","3411.3705344678197","3411.3705344678197","11974.257294382389","11974.257294382389","11974.257294382389","11329.022909235026","11329.022909235026","11329.022909235026","13216.681376922608","13216.681376922608","13216.681376922608"
"114","3409.8465139534355","3409.8465139534355","3409.8465139534355","11975.930500178281","11975.930500178281","11975.930500178281","11332.510131727164","11332.510131727164","11332.510131727164","13218.176896245552","13218.176896245552","13218.176896245552"
"115","3410.209556758664","3410.209556758664","3410.209556758664","11976.654531761307","11976.654531761307","11976.654531761307","11335.245372610054","11335.245372610054","11335.245372610054","13218.64299444793","13218.64299444793","13218.64299444793"
"116","3402.3609109472814","3402.3609109472814","3402.3609109472814","11969.62933367362","11969.62933367362","11969.62933367362","11337.201289493807","11337.201289493807","11337.201289493807","13222.70744273864","13222.70744273864","13222.70744273864"
"117","3405.302944235871","3405.302944235871","3405.302944235871","11969.128991565234","11969.128991565234","11969.128991565234","11341.219880554821","11341.219880554821","11341.219880554821","13225.138814552025","13225.138814552025","13225.138814552025"
"118","3403.7394519583886","3403.7394519583886","3403.7394519583886","11961.752349834327","11961.752349834327","11961.752349834327","11345.380518186388","11345.380518186388","11345.380518186388","13230.560753673675","13230.560753673675","13230.560753673675"
"119","3399.2125667513346","3399.2125667513346","3399.2125667513346","11958.84915123662","11958.84915123662","11958.84915123662","11348.394872626357","11348.394872626357","11348.394872626357","13229.900881327107","13229.900881327107","13229.900881327107"
"120","3396.052105058623","3396.052105058623","3396.052105058623","11956.121507844573","11956.121507844573","11956.121507844573","11353.284024242475","11353.284024242475","11353.284024242475","13228.49766916909","13228.49766916909","13228.49766916909"
"121","3391.7900609657518","3391.7900609657518","3391.7900609657518","11957.543387610123","11957.543387610123","11957.543387610123","11355.533534063095","11355.533534063095","11355.533534063095","13229.314385327707","13229.314385327707","13229.314385327707"
"122","3391.2824374075785","3391.2824374075785","3391.2824374075785","11952.102281477864","11952.102281477864","11952.102281477864","11358.584540968366","11358.584540968366","11358.584540968366","13231.799031636836","13231.799031636836","13231.799031636836"
"123","3392.142037174483","3392.142037174483","3392.142037174483","11950.373338177797","11950.373338177797","11950.373338177797","11361.69487404893","11361.69487404893","11361.69487404893","13230.638718590211","13230.638718590211","13230.638718590211"
"124","3391.122274206121","3391.122274206121","3391.122274206121","11945.252723860995","11945.252723860995","11945.252723860995","11367.048164511943","11367.048164511943","11367.048164511943","13233.474416041685","13233.474416041685","13233.474416041685"
"125","3389.5703961418794","3389.5703961418794","3389.5703961418794","11944.57660286339","11944.57660286339","11944.57660286339","11371.550087447575","11371.550087447575","11371.550087447575","13234.384573543264","13234.384573543264","13234.384573543264"
"126","3388.5904843072453","3388.5904843072453","3388.5904843072453","11947.407077705679","11947.407077705679","11947.407077705679","11376.387778247066","11376.387778247066","11376.387778247066","13233.250460601224","13233.250460601224","13233.250460601224"
"127","3386.6826878013853","3386.6826878013853","3386.6826878013853","11948.558285615523","11948.558285615523","11948.558285615523","11378.707578326685","11378.707578326685","11378.707578326685","13234.335914617905","13234.335914617905","13234.335914617905"
"128","3387.940924321849","3387.940924321849","3387.940924321849","11951.885320922001","11951.885320922001","11951.885320922001","11381.825151832914","11381.825151832914","11381.825151832914","13233.869019986305","13233.869019986305","13233.869019986305"
"129","3383.056159052197","3383.056159052197","3383.056159052197","11954.044159486073","11954.044159486073","11954.044159486073","11385.003356110687","11385.003356110687","11385.003356110687","13233.358931716824","13233.358931716824","13233.358931716824"
"130","3379.5156822048525","3379.5156822048525","3379.5156822048525","11954.203001809681","11954.203001809681","11954.203001809681","11387.823752865108","11387.823752865108","11387.823752865108","13235.623134626434","13235.623134626434","13235.623134626434"
"131","3377.985810619898","3377.985810619898","3377.985810619898","11950.453367373137","11950.453367373137","11950.453367373137","11391.178856755776","11391.178856755776","11391.178856755776","13238.209509680037","13238.209509680037","13238.209509680037"
"132","3377.352384405697","3377.352384405697","3377.352384405697","11944.152883205868","11944.152883205868","11944.152883205868","11393.44952807329","11393.44952807329","11393.44952807329","13239.684237257474","13239.684237257474","13239.684237257474"
"133","3375.469228270666","3375.469228270666","3375.469228270666","11944.202497998842","11944.202497998842","11944.202497998842","11397.58732742497","11397.58732742497","11397.58732742497","13242.735788635462","13242.735788635462","13242.735788635462"
"134","3371.9451747713074","3371.9451747713074","3371.9451747713074","11938.489970622224","11938.489970622224","11938.489970622224","11399.255279795492","11399.255279795492","11399.255279795492","13242.606587058082","13242.606587058082","13242.606587058082"
"135","3371.1306168185715","3371.1306168185715","3371.1306168185715","11934.049331739012","11934.049331739012","11934.049331739012","11402.00407026443","11402.00407026443","11402.00407026443","13241.948997270403","13241.948997270403","13241.948997270403"
"136","3369.4242777454124","3369.4242777454124","3369.4242777454124","11933.806542056866","11933.806542056866","11933.806542056866","11402.390081532096","11402.390081532096","11402.390081532096","13242.17154256693","13242.17154256693","13242.17154256693"
"137","3369.381956275065","3369.381956275065","3369.381956275065","11935.311767789579","11935.311767789579","11935.311767789579","11404.587035534836","11404.587035534836","11404.587035534836","13242.197711191648","13242.197711191648","13242.197711191648"
"138","3367.5527900854745","3367.5527900854745","3367.5527900854745","11929.113705491774","11929.113705491774","11929.113705491774","11406.246625971398","11406.246625971398","11406.246625971398","13242.488063606239","13242.488063606239","13242.488063606239"
"139","3363.2009426690624","3363.2009426690624","3363.2009426690624","11931.770615084863","11931.770615084863","11931.770615084863","11409.667308502754","11409.667308502754","11409.667308502754","13239.175977604531","13239.175977604531","13239.175977604531"
"140","3361.4815381209883","3361.4815381209883","3361.4815381209883","11933.630601415565","11933.630601415565","11933.630601415565","11411.193761640041","11411.193761640041","11411.193761640041","13236.714638074563","13236.714638074563","13236.714638074563"
"141","3358.38188918436","3358.38188918436","3358.38188918436","11931.219635181093","11931.219635181093","11931.219635181093","11413.42246655457","11413.42246655457","11413.42246655457","13234.516044039363","13234.516044039363","13234.516044039363"
"142","3356.054969736098","3356.054969736098","3356.054969736098","11927.035930298154","11927.035930298154","11927.035930298154","11416.860368943122","11416.860368943122","11416.860368943122","13238.34997021941","13238.34997021941","13238.34997021941"
"143","3353.663087944299","3353.663087944299","3353.663087944299","11927.146833086104","11927.146833086104","11927.146833086104","11417.665867852895","11417.665867852895","11417.665867852895","13238.1294906665","13238.1294906665","13238.1294906665"
"144","3354.259417535965","3354.259417535965","3354.259417535965","11926.853269744986","11926.853269744986","11926.853269744986","11421.26899558117","11421.26899558117","11421.26899558117","13241.051325508317","13241.051325508317","13241.051325508317"
"145","3356.3774038733536","3356.3774038733536","3356.3774038733536","11925.801638804496","11925.801638804496","11925.801638804496","11423.530757870221","11423.530757870221","11423.530757870221","13243.213510872534","13243.213510872534","13243.213510872534"
"146","3352.6807265876255","3352.6807265876255","3352.6807265876255","11925.747850023032","11925.747850023032","11925.747850023032","11425.027060084989","11425.027060084989","11425.027060084989","13243.16570159733","13243.16570159733","13243.16570159733"
"147","3351.7103600161395","3351.7103600161395","3351.7103600161395","11923.86762316619","11923.86762316619","11923.86762316619","11426.60194844589","11426.60194844589","11426.60194844589","13246.037906114076","13246.037906114076","13246.037906114076"
"148","3348.3821921010035","3348.3821921010035","3348.3821921010035","11920.18543194984","11920.18543194984","11920.18543194984","11428.04647192593","11428.04647192593","11428.04647192593","13246.773163426562","13246.773163426562","13246.773163426562"
"149","3347.080178341475","3347.080178341475","3347.080178341475","11915.384067561647","11915.384067561647","11915.384067561647","11428.795844655351","11428.795844655351","11428.795844655351","13250.25144549076","13250.25144549076","13250.25144549076"
"150","3343.9093492470197","3343.9093492470197","3343.9093492470197","11915.991652985358","11915.991652985358","11915.991652985358","11429.81223174608","11429.81223174608","11429.81223174608","13251.619713517515","13251.619713517515","13251.619713517515"
"151","3341.0646920006534","3341.0646920006534","3341.0646920006534","11917.325405107862","11917.325405107862","11917.325405107862","11431.715924964574","11431.715924964574","11431.715924964574","13255.519774119959","13255.519774119959","13255.519774119959"
"152","3341.264428387194","3341.264428387194","3341.264428387194","11914.800059379999","11914.800059379999","11914.800059379999","11432.700809103015","11432.700809103015","11432.700809103015","13254.523796686917","13254.523796686917","13254.523796686917"
"153","3338.8540864205133","3338.8540864205133","3338.8540864205133","11911.121081332198","11911.121081332198","11911.121081332198","11434.634728739009","11434.634728739009","11434.634728739009","13255.916156812773","13255.916156812773","13255.916156812773"
"154","3337.2835255149776","3337.2835255149776","3337.2835255149776","11912.339231409598","11912.339231409598","11912.339231409598","11436.133422203073","11436.133422203073","11436.133422203073","13256.578651814194","13256.578651814194","13256.578651814194"
"155","3334.9788264978133","3334.9788264978133","3334.9788264978133","11913.264761171064","11913.264761171064","11913.264761171064","11439.634663614717","11439.634663614717","11439.634663614717","13257.72443269805","13257.72443269805","13257.72443269805"
"156","3332.451203056556","3332.451203056556","3332.451203056556","11914.131993462013","11914.131993462013","11914.131993462013","11441.84333195239","11441.84333195239","11441.84333195239","13255.687560887483","13255.687560887483","13255.687560887483"
"157","3330.0545438895756","3330.0545438895756","3330.0545438895756","11912.999746299662","11912.999746299662","11912.999746299662","11444.013750379647","11444.013750379647","11444.013750379647","13254.538569774828","13254.538569774828","13254.538569774828"
"158","3330.5813405500235","3330.5813405500235","3330.5813405500235","11913.479182983028","11913.479182983028","11913.479182983028","11445.155856237969","11445.155856237969","11445.155856237969","13256.901374905134","13256.901374905134","13256.901374905134"
"159","3333.115739505407","3333.115739505407","3333.115739505407","11915.655824141762","11915.655824141762","11915.655824141762","11444.042849931317","11444.042849931317","11444.042849931317","13253.192279066847","13253.192279066847","13253.192279066847"
"160","3331.5014933798107","3331.5014933798107","3331.5014933798107","11914.1006222263","11914.1006222263","11914.1006222263","11445.809076606583","11445.809076606583","11445.809076606583","13251.496251855091","13251.496251855091","13251.496251855091"
"161","3328.324721111408","3328.324721111408","3328.324721111408","11916.223318073604","11916.223318073604","11916.223318073604","11449.398662938973","11449.398662938973","11449.398662938973","13253.679414783019","13253.679414783019","13253.679414783019"
"162","3327.9269000880145","3327.9269000880145","3327.9269000880145","11915.673572916176","11915.673572916176","11915.673572916176","11451.997891556299","11451.997891556299","11451.997891556299","13253.61774873701","13253.61774873701","13253.61774873701"
"163","3326.7770319980073","3326.7770319980073","3326.7770319980073","11917.38132490216","11917.38132490216","11917.38132490216","11453.372224650726","11453.372224650726","11453.372224650726","13256.114846295317","13256.114846295317","13256.114846295317"
"164","3324.7368112562526","3324.7368112562526","3324.7368112562526","11915.068603290341","11915.068603290341","11915.068603290341","11456.276035307656","11456.276035307656","11456.276035307656","13256.318684019656","13256.318684019656","13256.318684019656"
"165","3322.9318592993422","3322.9318592993422","3322.9318592993422","11913.909029130404","11913.909029130404","11913.909029130404","11458.14733193126","11458.14733193126","11458.14733193126","13255.429649234893","13255.429649234893","13255.429649234893"
"166","3320.1712690460786","3320.1712690460786","3320.1712690460786","11911.377337529575","11911.377337529575","11911.377337529575","11459.414925329665","11459.414925329665","11459.414925329665","13255.58762742691","13255.58762742691","13255.58762742691"
"167","3318.9199687368514","3318.9199687368514","3318.9199687368514","11910.34784303146","11910.34784303146","11910.34784303146","11460.138090260574","11460.138090260574","11460.138090260574","13256.63569385498","13256.63569385498","13256.63569385498"
"168","3319.7760952202734","3319.7760952202734","3319.7760952202734","11907.902127865407","11907.902127865407","11907.902127865407","11460.621177654073","11460.621177654073","11460.621177654073","13257.150057099427","13257.150057099427","13257.150057099427"
"169","3317.837065348752","3317.837065348752","3317.837065348752","11909.9400805736","11909.9400805736","11909.9400805736","11459.433999918834","11459.433999918834","11459.433999918834","13257.235672437786","13257.235672437786","13257.235672437786"
"170","3314.649927363296","3314.649927363296","3314.649927363296","11910.329714779282","11910.329714779282","11910.329714779282","11461.148502385193","11461.148502385193","11461.148502385193","13256.665416181357","13256.665416181357","13256.665416181357"
"171","3314.034567934605","3314.034567934605","3314.034567934605","11911.548814278649","11911.548814278649","11911.548814278649","11463.757334865748","11463.757334865748","11463.757334865748","13254.835963590525","13254.835963590525","13254.835963590525"
"172","3310.687755766329","3310.687755766329","3310.687755766329","11910.655104421754","11910.655104421754","11910.655104421754","11464.9061748863","11464.9061748863","11464.9061748863","13253.49142715277","13253.49142715277","13253.49142715277"
"173","3309.1724986406043","3309.1724986406043","3309.1724986406043","11914.41676819138","11914.41676819138","11914.41676819138","11465.599703096554","11465.599703096554","11465.599703096554","13254.46524574004","13254.46524574004","13254.46524574004"
"174","3306.696200637873","3306.696200637873","3306.696200637873","11914.356949920384","11914.356949920384","11914.356949920384","11467.858376814758","11467.858376814758","11467.858376814758","13253.697966031448","13253.697966031448","13253.697966031448"
"175","3304.161173921364","3304.161173921364","3304.161173921364","11914.486483843002","11914.486483843002","11914.486483843002","11470.326903504654","11470.326903504654","11470.326903504654","13251.08631832557","13251.08631832557","13251.08631832557"
"176","3302.7829686108835","3302.7829686108835","3302.7829686108835","11914.815888629948","11914.815888629948","11914.815888629948","11472.57166534224","11472.57166534224","11472.57166534224","13250.905096081544","13250.905096081544","13250.905096081544"
"177","3302.6535275069664","3302.6535275069664","3302.6535275069664","11912.168762247467","11912.168762247467","11912.168762247467","11474.663942343253","11474.663942343253","11474.663942343253","13251.308985160587","13251.308985160587","13251.308985160587"
"178","3299.888339253729","3299.888339253729","3299.888339253729","11914.918294964267","11914.918294964267","11914.918294964267","11477.34831853151","11477.34831853151","11477.34831853151","13252.273014557199","13252.273014557199","13252.273014557199"
"179","3297.593056388657","3297.593056388657","3297.593056388657","11913.725123042395","11913.725123042395","11913.725123042395","11478.97663211217","11478.97663211217","11478.97663211217","13250.713690559203","13250.713690559203","13250.713690559203"
"180","3295.4236956916466","3295.4236956916466","3295.4236956916466","11915.0190646623","11915.0190646623","11915.0190646623","11481.431772183738","11481.431772183738","11481.431772183738","13251.36200311055","13251.36200311055","13251.36200311055"
"181","3296.6401005013468","3296.6401005013468","3296.6401005013468","11912.420794312024","11912.420794312024","11912.420794312024","11482.569294890429","11482.569294890429","11482.569294890429","13252.086583472159","13252.086583472159","13252.086583472159"
"182","3294.4103871999537","3294.4103871999537","3294.4103871999537","11911.662598206203","11911.662598206203","11911.662598206203","11483.886440355089","11483.886440355089","11483.886440355089","13253.734102494971","13253.734102494971","13253.734102494971"
"183","3293.6283077444773","3293.6283077444773","3293.6283077444773","11912.35448289439","11912.35448289439","11912.35448289439","11485.081473566288","11485.081473566288","11485.081473566288","13255.584243238016","13255.584243238016","13255.584243238016"
"184","3290.5316174211334","3290.5316174211334","3290.5316174211334","11911.0797673757","11911.0797673757","11911.0797673757","11486.736196785665","11486.736196785665","11486.736196785665","13255.061197719117","13255.061197719117","13255.061197719117"
"185","3287.8571469485414","3287.8571469485414","3287.8571469485414","11912.307796932284","11912.307796932284","11912.307796932284","11489.703908777172","11489.703908777172","11489.703908777172","13256.355901745645","13256.355901745645","13256.355901745645"
"186","3285.432710722964","3285.432710722964","3285.432710722964","11912.975606504773","11912.975606504773","11912.975606504773","11491.750540884035","11491.750540884035","11491.750540884035","13256.933675756272","13256.933675756272","13256.933675756272"
"187","3285.2176981342195","3285.2176981342195","3285.2176981342195","11914.023680220967","11914.023680220967","11914.023680220967","11492.869992121769","11492.869992121769","11492.869992121769","13258.574619790048","13258.574619790048","13258.574619790048"
"188","3284.3614291433923","3284.3614291433923","3284.3614291433923","11913.80065589225","11913.80065589225","11913.80065589225","11493.45641763197","11493.45641763197","11493.45641763197","13257.761620568494","13257.761620568494","13257.761620568494"
"189","3283.06915181429","3283.06915181429","3283.06915181429","11911.62016373982","11911.62016373982","11911.62016373982","","","","13258.628061455469","13258.628061455469","13258.628061455469"
"190","3282.7790463799543","3282.7790463799543","3282.7790463799543","11910.789741788494","11910.789741788494","11910.789741788494","","","","13261.600954873644","13261.600954873644","13261.600954873644"
"191","3280.282335140307","3280.282335140307","3280.282335140307","11913.92150513549","11913.92150513549","11913.92150513549","","","","","",""
"192","3281.177233901853","3281.177233901853","3281.177233901853","11912.230204696552","11912.230204696552","11912.230204696552","","","","","",""
"193","3279.2613350665642","3279.2613350665642","3279.2613350665642","11910.213993234478","11910.213993234478","11910.213993234478","","","","","",""
"194","3276.735066417181","3276.735066417181","3276.735066417181","11912.891287888295","11912.891287888295","11912.891287888295","","","","","",""