"Step","prudent_train_env_t05_d07_A2C_100_100_1000_RUN - cost","prudent_train_env_t05_d07_A2C_100_100_1000_RUN - cost__MIN","prudent_train_env_t05_d07_A2C_100_100_1000_RUN - cost__MAX","prudent_train_env_t05_d07_A2C_200_200_2000_RUN - cost","prudent_train_env_t05_d07_A2C_200_200_2000_RUN - cost__MIN","prudent_train_env_t05_d07_A2C_200_200_2000_RUN - cost__MAX","prudent_train_env_t05_d07_PPO_*100_*100_*1000_RUN - cost","prudent_train_env_t05_d07_PPO_*100_*100_*1000_RUN - cost__MIN","prudent_train_env_t05_d07_PPO_*100_*100_*1000_RUN - cost__MAX","prudent_train_env_t05_d07_A2C_*100_*100_*1000_RUN - cost","prudent_train_env_t05_d07_A2C_*100_*100_*1000_RUN - cost__MIN","prudent_train_env_t05_d07_A2C_*100_*100_*1000_RUN - cost__MAX"
"0","4092.044288848443","4092.044288848443","4092.044288848443","4092.044288848443","4092.044288848443","4092.044288848443","3923.234705192308","3923.234705192308","3923.234705192308","4092.044288848443","4092.044288848443","4092.044288848443"
"1","3902.8769188723777","3902.8769188723777","3902.8769188723777","3902.8769188723777","3902.8769188723777","3902.8769188723777","3973.2462851150412","3973.2462851150412","3973.2462851150412","3903.094319080711","3903.094319080711","3903.094319080711"
"2","4032.595648617633","4032.595648617633","4032.595648617633","4032.595648617633","4032.595648617633","4032.595648617633","4001.724047892836","4001.724047892836","4001.724047892836","4044.8082734787436","4044.8082734787436","4044.8082734787436"
"3","4062.8671229795727","4062.8671229795727","4062.8671229795727","4062.8671229795727","4062.8671229795727","4062.8671229795727","3971.8463684680423","3971.8463684680423","3971.8463684680423","4092.434066551001","4092.434066551001","4092.434066551001"
"4","4102.0475347561605","4102.0475347561605","4102.0475347561605","4102.0475347561605","4102.0475347561605","4102.0475347561605","3982.7509798477563","3982.7509798477563","3982.7509798477563","4159.373810198468","4159.373810198468","4159.373810198468"
"5","4059.095094520064","4059.095094520064","4059.095094520064","4059.095094520064","4059.095094520064","4059.095094520064","4072.9659466485427","4072.9659466485427","4072.9659466485427","4156.932719362859","4156.932719362859","4156.932719362859"
"6","4053.038957287326","4053.038957287326","4053.038957287326","4054.8381239539926","4054.8381239539926","4054.8381239539926","4137.879255977921","4137.879255977921","4137.879255977921","4123.620056376644","4123.620056376644","4123.620056376644"
"7","4075.3564359560364","4075.3564359560364","4075.3564359560364","4078.172174341453","4078.172174341453","4078.172174341453","4172.085981823359","4172.085981823359","4172.085981823359","4155.173117441698","4155.173117441698","4155.173117441698"
"8","4028.6615670255437","4028.6615670255437","4028.6615670255437","4036.488257706761","4036.488257706761","4036.488257706761","4137.0218714999355","4137.0218714999355","4137.0218714999355","4128.962298719301","4128.962298719301","4128.962298719301"
"9","3995.917149825279","3995.917149825279","3995.917149825279","4001.0235169562316","4001.0235169562316","4001.0235169562316","4104.690407868944","4104.690407868944","4104.690407868944","4044.721769212755","4044.721769212755","4044.721769212755"
"10","4033.288218946688","4033.288218946688","4033.288218946688","4043.3242341469045","4043.3242341469045","4043.3242341469045","4135.623553967671","4135.623553967671","4135.623553967671","4073.9343114039175","4073.9343114039175","4073.9343114039175"
"11","4016.136038051116","4016.136038051116","4016.136038051116","4020.993807366592","4020.993807366592","4020.993807366592","4139.941671609043","4139.941671609043","4139.941671609043","4036.9220042032443","4036.9220042032443","4036.9220042032443"
"12","4048.598193484737","4048.598193484737","4048.598193484737","4055.3423289471907","4055.3423289471907","4055.3423289471907","4112.617409214864","4112.617409214864","4112.617409214864","4087.7222216144905","4087.7222216144905","4087.7222216144905"
"13","4055.461365529382","4055.461365529382","4055.461365529382","4049.855224857613","4049.855224857613","4049.855224857613","4115.827813593245","4115.827813593245","4115.827813593245","4106.366350878675","4106.366350878675","4106.366350878675"
"14","4039.00363701971","4039.00363701971","4039.00363701971","4038.649328733996","4038.649328733996","4038.649328733996","4090.8863149901285","4090.8863149901285","4090.8863149901285","4089.966956014825","4089.966956014825","4089.966956014825"
"15","4009.9163688430776","4009.9163688430776","4009.9163688430776","4011.6818201191195","4011.6818201191195","4011.6818201191195","4068.7804421314368","4068.7804421314368","4068.7804421314368","4080.000556991335","4080.000556991335","4080.000556991335"
"16","4000.7697465052293","4000.7697465052293","4000.7697465052293","3991.3646054513074","3991.3646054513074","3991.3646054513074","4105.482030078776","4105.482030078776","4105.482030078776","4076.027171751545","4076.027171751545","4076.027171751545"
"17","4012.962918822104","4012.962918822104","4012.962918822104","3975.6602415852267","3975.6602415852267","3975.6602415852267","4109.697348606232","4109.697348606232","4109.697348606232","4073.523456682877","4073.523456682877","4073.523456682877"
"18","4012.729973311732","4012.729973311732","4012.729973311732","3980.4350600647654","3980.4350600647654","3980.4350600647654","4083.6367218746823","4083.6367218746823","4083.6367218746823","4085.4118113923355","4085.4118113923355","4085.4118113923355"
"19","3999.3707845287004","3999.3707845287004","3999.3707845287004","3972.1716218564566","3972.1716218564566","3972.1716218564566","4067.044961640214","4067.044961640214","4067.044961640214","4089.3909487156902","4089.3909487156902","4089.3909487156902"
"20","3997.915402716544","3997.915402716544","3997.915402716544","3954.388346346382","3954.388346346382","3954.388346346382","4068.485441428695","4068.485441428695","4068.485441428695","4071.140879291442","4071.140879291442","4071.140879291442"
"21","4005.4624685230065","4005.4624685230065","4005.4624685230065","3958.407958728819","3958.407958728819","3958.407958728819","4061.4009983924216","4061.4009983924216","4061.4009983924216","4084.0511957713024","4084.0511957713024","4084.0511957713024"
"22","4038.935660312767","4038.935660312767","4038.935660312767","3975.316508154559","3975.316508154559","3975.316508154559","4050.3176571203157","4050.3176571203157","4050.3176571203157","4087.543169349957","4087.543169349957","4087.543169349957"
"23","4056.1003451295105","4056.1003451295105","4056.1003451295105","3997.3651337522374","3997.3651337522374","3997.3651337522374","4064.437219691519","4064.437219691519","4064.437219691519","4092.600284520939","4092.600284520939","4092.600284520939"
"24","4069.1788067439147","4069.1788067439147","4069.1788067439147","3998.8047904623004","3998.8047904623004","3998.8047904623004","4047.702522984611","4047.702522984611","4047.702522984611","4093.260491716417","4093.260491716417","4093.260491716417"
"25","4068.2957728724086","4068.2957728724086","4068.2957728724086","3982.6161852065406","3982.6161852065406","3982.6161852065406","4044.951706003836","4044.951706003836","4044.951706003836","4094.709816907984","4094.709816907984","4094.709816907984"
"26","4073.7473157343707","4073.7473157343707","4073.7473157343707","3971.8353748065592","3971.8353748065592","3971.8353748065592","4038.662873809119","4038.662873809119","4038.662873809119","4101.65909094268","4101.65909094268","4101.65909094268"
"27","4078.6354959378054","4078.6354959378054","4078.6354959378054","3960.3568710365153","3960.3568710365153","3960.3568710365153","4021.905730756171","4021.905730756171","4021.905730756171","4101.51330507047","4101.51330507047","4101.51330507047"
"28","4099.922190456818","4099.922190456818","4099.922190456818","3928.553080864383","3928.553080864383","3928.553080864383","4030.0668434026893","4030.0668434026893","4030.0668434026893","4095.016291652522","4095.016291652522","4095.016291652522"
"29","4112.703184465705","4112.703184465705","4112.703184465705","3914.64665821099","3914.64665821099","3914.64665821099","4019.2860348976164","4019.2860348976164","4019.2860348976164","4097.036608814624","4097.036608814624","4097.036608814624"
"30","4110.404008938525","4110.404008938525","4110.404008938525","3897.8612867597685","3897.8612867597685","3897.8612867597685","4030.156440696515","4030.156440696515","4030.156440696515","4099.638664186215","4099.638664186215","4099.638664186215"
"31","4115.515620673669","4115.515620673669","4115.515620673669","3895.549789005242","3895.549789005242","3895.549789005242","4028.511528896156","4028.511528896156","4028.511528896156","4104.487325633491","4104.487325633491","4104.487325633491"
"32","4107.331437154595","4107.331437154595","4107.331437154595","3876.6126672307955","3876.6126672307955","3876.6126672307955","4048.1879164841","4048.1879164841","4048.1879164841","4096.270153554438","4096.270153554438","4096.270153554438"
"33","4093.4091521593327","4093.4091521593327","4093.4091521593327","3862.306769299019","3862.306769299019","3862.306769299019","4046.72240731535","4046.72240731535","4046.72240731535","4098.198010722036","4098.198010722036","4098.198010722036"
"34","4066.8644412206695","4066.8644412206695","4066.8644412206695","3844.5815723391875","3844.5815723391875","3844.5815723391875","4047.9327147872336","4047.9327147872336","4047.9327147872336","4095.6550846433483","4095.6550846433483","4095.6550846433483"
"35","4042.5231535585826","4042.5231535585826","4042.5231535585826","3831.162993776021","3831.162993776021","3831.162993776021","4054.570669259754","4054.570669259754","4054.570669259754","4087.408721767362","4087.408721767362","4087.408721767362"
"36","4022.2271428183194","4022.2271428183194","4022.2271428183194","3812.6549709755045","3812.6549709755045","3812.6549709755045","4054.2158214047186","4054.2158214047186","4054.2158214047186","4085.5169297604284","4085.5169297604284","4085.5169297604284"
"37","3997.473885042236","3997.473885042236","3997.473885042236","3793.0528357486996","3793.0528357486996","3793.0528357486996","4050.1728609374536","4050.1728609374536","4050.1728609374536","4084.779655601151","4084.779655601151","4084.779655601151"
"38","3974.8058237378355","3974.8058237378355","3974.8058237378355","3774.581431179015","3774.581431179015","3774.581431179015","4041.584756534932","4041.584756534932","4041.584756534932","4088.0920618812147","4088.0920618812147","4088.0920618812147"
"39","3957.8970273299433","3957.8970273299433","3957.8970273299433","3759.543349527802","3759.543349527802","3759.543349527802","4035.4678547272806","4035.4678547272806","4035.4678547272806","4086.838891784019","4086.838891784019","4086.838891784019"
"40","3960.745329490263","3960.745329490263","3960.745329490263","3763.1729868943876","3763.1729868943876","3763.1729868943876","4035.594501900902","4035.594501900902","4035.594501900902","4096.302773957638","4096.302773957638","4096.302773957638"
"41","3958.092157306431","3958.092157306431","3958.092157306431","3767.651109081557","3767.651109081557","3767.651109081557","4025.1826392235594","4025.1826392235594","4025.1826392235594","4099.691686729665","4099.691686729665","4099.691686729665"
"42","3941.158134925295","3941.158134925295","3941.158134925295","3762.3060064625724","3762.3060064625724","3762.3060064625724","4024.635973652099","4024.635973652099","4024.635973652099","4104.900547582803","4104.900547582803","4104.900547582803"
"43","3944.012002166356","3944.012002166356","3944.012002166356","3763.397244972288","3763.397244972288","3763.397244972288","4024.7557232641793","4024.7557232641793","4024.7557232641793","4116.6162541080275","4116.6162541080275","4116.6162541080275"
"44","3928.4455543763297","3928.4455543763297","3928.4455543763297","3753.5230065167325","3753.5230065167325","3753.5230065167325","4010.3406679302925","4010.3406679302925","4010.3406679302925","4108.651593672899","4108.651593672899","4108.651593672899"
"45","3921.452055370139","3921.452055370139","3921.452055370139","3752.277003048475","3752.277003048475","3752.277003048475","4004.5639399171846","4004.5639399171846","4004.5639399171846","4112.815403815514","4112.815403815514","4112.815403815514"
"46","3910.8574873358643","3910.8574873358643","3910.8574873358643","3743.735485435446","3743.735485435446","3743.735485435446","4006.5262451272424","4006.5262451272424","4006.5262451272424","4117.849454485796","4117.849454485796","4117.849454485796"
"47","3893.976783071527","3893.976783071527","3893.976783071527","3757.0292995796626","3757.0292995796626","3757.0292995796626","4000.874693572847","4000.874693572847","4000.874693572847","4124.733457646286","4124.733457646286","4124.733457646286"
"48","3876.030747353227","3876.030747353227","3876.030747353227","3759.530290482767","3759.530290482767","3759.530290482767","4006.6875036481806","4006.6875036481806","4006.6875036481806","4124.37536888907","4124.37536888907","4124.37536888907"
"49","3855.5047925548115","3855.5047925548115","3855.5047925548115","3770.8404512350853","3770.8404512350853","3770.8404512350853","4018.5078650799564","4018.5078650799564","4018.5078650799564","4128.303558340822","4128.303558340822","4128.303558340822"
"50","3838.78465857816","3838.78465857816","3838.78465857816","3783.7829779980575","3783.7829779980575","3783.7829779980575","4015.9484604599065","4015.9484604599065","4015.9484604599065","4129.456941450227","4129.456941450227","4129.456941450227"
"51","3814.452148652095","3814.452148652095","3814.452148652095","3784.192676342958","3784.192676342958","3784.192676342958","4018.3732414875076","4018.3732414875076","4018.3732414875076","4122.054771491699","4122.054771491699","4122.054771491699"
"52","3798.3538423167297","3798.3538423167297","3798.3538423167297","3795.7434614593876","3795.7434614593876","3795.7434614593876","4014.0496802287284","4014.0496802287284","4014.0496802287284","4127.135221357789","4127.135221357789","4127.135221357789"
"53","3784.6918976738634","3784.6918976738634","3784.6918976738634","3813.9416882295714","3813.9416882295714","3813.9416882295714","4014.7104075163597","4014.7104075163597","4014.7104075163597","4127.879157713379","4127.879157713379","4127.879157713379"
"54","3774.0830525445745","3774.0830525445745","3774.0830525445745","3822.180026136882","3822.180026136882","3822.180026136882","4014.0399841521344","4014.0399841521344","4014.0399841521344","4133.307022033213","4133.307022033213","4133.307022033213"
"55","3771.335261946578","3771.335261946578","3771.335261946578","3830.7243670395605","3830.7243670395605","3830.7243670395605","4019.1762247762845","4019.1762247762845","4019.1762247762845","4135.2002950068445","4135.2002950068445","4135.2002950068445"
"56","3761.0467457187806","3761.0467457187806","3761.0467457187806","3837.9971289466985","3837.9971289466985","3837.9971289466985","4022.5289466125964","4022.5289466125964","4022.5289466125964","4131.165680804521","4131.165680804521","4131.165680804521"
"57","3758.354137918667","3758.354137918667","3758.354137918667","3853.896352215631","3853.896352215631","3853.896352215631","4025.7283339514925","4025.7283339514925","4025.7283339514925","4137.458403417801","4137.458403417801","4137.458403417801"
"58","3741.0295015203865","3741.0295015203865","3741.0295015203865","3858.5504686339277","3858.5504686339277","3858.5504686339277","4025.009814487825","4025.009814487825","4025.009814487825","4132.744933035886","4132.744933035886","4132.744933035886"
"59","3728.4359026313946","3728.4359026313946","3728.4359026313946","3860.758710453192","3860.758710453192","3860.758710453192","4027.015110555466","4027.015110555466","4027.015110555466","4126.481244248304","4126.481244248304","4126.481244248304"
"60","3724.169835120523","3724.169835120523","3724.169835120523","3867.9911166557636","3867.9911166557636","3867.9911166557636","4024.36961811225","4024.36961811225","4024.36961811225","4126.113612424818","4126.113612424818","4126.113612424818"
"61","3710.4542018880916","3710.4542018880916","3710.4542018880916","3879.016194647501","3879.016194647501","3879.016194647501","4018.1317962148355","4018.1317962148355","4018.1317962148355","4126.583520899095","4126.583520899095","4126.583520899095"
"62","3699.2415701800746","3699.2415701800746","3699.2415701800746","3888.8402629914094","3888.8402629914094","3888.8402629914094","4021.2873943881887","4021.2873943881887","4021.2873943881887","4127.8689993023845","4127.8689993023845","4127.8689993023845"
"63","3691.5922132469404","3691.5922132469404","3691.5922132469404","3888.1317024690684","3888.1317024690684","3888.1317024690684","4023.3777020207094","4023.3777020207094","4023.3777020207094","4119.451574034268","4119.451574034268","4119.451574034268"
"64","3682.7698243783957","3682.7698243783957","3682.7698243783957","3893.402893049269","3893.402893049269","3893.402893049269","4022.3973225453847","4022.3973225453847","4022.3973225453847","4122.371406785972","4122.371406785972","4122.371406785972"
"65","3674.0099827177305","3674.0099827177305","3674.0099827177305","3896.351975086135","3896.351975086135","3896.351975086135","4024.9061559432407","4024.9061559432407","4024.9061559432407","4119.03315204635","4119.03315204635","4119.03315204635"
"66","3661.5478696688406","3661.5478696688406","3661.5478696688406","3896.143642452561","3896.143642452561","3896.143642452561","4023.457998992486","4023.457998992486","4023.457998992486","4110.452836059257","4110.452836059257","4110.452836059257"
"67","3649.208084106263","3649.208084106263","3649.208084106263","3886.6039917138446","3886.6039917138446","3886.6039917138446","4015.8550169854366","4015.8550169854366","4015.8550169854366","4111.8035317495705","4111.8035317495705","4111.8035317495705"
"68","3640.8500874584247","3640.8500874584247","3640.8500874584247","3890.171997139718","3890.171997139718","3890.171997139718","4017.7495865062683","4017.7495865062683","4017.7495865062683","4116.492697573692","4116.492697573692","4116.492697573692"
"69","3631.5536761877393","3631.5536761877393","3631.5536761877393","3886.9691066913183","3886.9691066913183","3886.9691066913183","4026.5047344030704","4026.5047344030704","4026.5047344030704","4117.445677818841","4117.445677818841","4117.445677818841"
"70","3631.0791229704846","3631.0791229704846","3631.0791229704846","3891.6712742089326","3891.6712742089326","3891.6712742089326","4021.967725192943","4021.967725192943","4021.967725192943","4120.536645905268","4120.536645905268","4120.536645905268"
"71","3619.2770574622427","3619.2770574622427","3619.2770574622427","3886.7179927037632","3886.7179927037632","3886.7179927037632","4027.8416010020364","4027.8416010020364","4027.8416010020364","4113.046812707774","4113.046812707774","4113.046812707774"
"72","3607.421365716089","3607.421365716089","3607.421365716089","3887.444075040275","3887.444075040275","3887.444075040275","4030.126032935551","4030.126032935551","4030.126032935551","4110.970475645939","4110.970475645939","4110.970475645939"
"73","3598.6396893346177","3598.6396893346177","3598.6396893346177","3881.7994437322163","3881.7994437322163","3881.7994437322163","4039.2407970197155","4039.2407970197155","4039.2407970197155","4106.486314274851","4106.486314274851","4106.486314274851"
"74","3593.9455976332833","3593.9455976332833","3593.9455976332833","3880.6982924705844","3880.6982924705844","3880.6982924705844","4043.331740037393","4043.331740037393","4043.331740037393","4104.4302573302575","4104.4302573302575","4104.4302573302575"
"75","3584.797956918101","3584.797956918101","3584.797956918101","3880.2929533984993","3880.2929533984993","3880.2929533984993","4037.2064685125165","4037.2064685125165","4037.2064685125165","4100.453112591109","4100.453112591109","4100.453112591109"
"76","3578.7939511877494","3578.7939511877494","3578.7939511877494","3886.581393354295","3886.581393354295","3886.581393354295","4043.3801863972944","4043.3801863972944","4043.3801863972944","4104.455490767847","4104.455490767847","4104.455490767847"
"77","3574.329581214611","3574.329581214611","3574.329581214611","3886.6478952643206","3886.6478952643206","3886.6478952643206","4038.2547342277694","4038.2547342277694","4038.2547342277694","4103.256692546872","4103.256692546872","4103.256692546872"
"78","3567.6780084727893","3567.6780084727893","3567.6780084727893","3887.173386570389","3887.173386570389","3887.173386570389","4036.8802436294995","4036.8802436294995","4036.8802436294995","4103.836038165525","4103.836038165525","4103.836038165525"
"79","3565.3220011546173","3565.3220011546173","3565.3220011546173","3889.005451905533","3889.005451905533","3889.005451905533","4029.65737372756","4029.65737372756","4029.65737372756","4105.8659927783265","4105.8659927783265","4105.8659927783265"
"80","3561.1131067682713","3561.1131067682713","3561.1131067682713","3890.2913657963745","3890.2913657963745","3890.2913657963745","4031.067504242786","4031.067504242786","4031.067504242786","4103.293590543946","4103.293590543946","4103.293590543946"
"81","3552.4794620330404","3552.4794620330404","3552.4794620330404","3886.557342597135","3886.557342597135","3886.557342597135","4037.0649805694807","4037.0649805694807","4037.0649805694807","4104.6354522182955","4104.6354522182955","4104.6354522182955"
"82","3542.4652646162017","3542.4652646162017","3542.4652646162017","3879.7557907666833","3879.7557907666833","3879.7557907666833","4039.624707480067","4039.624707480067","4039.624707480067","4096.4509365460335","4096.4509365460335","4096.4509365460335"
"83","3534.2818091064364","3534.2818091064364","3534.2818091064364","3879.7368977011884","3879.7368977011884","3879.7368977011884","4046.210380574711","4046.210380574711","4046.210380574711","4088.121256426466","4088.121256426466","4088.121256426466"
"84","3533.9403710188967","3533.9403710188967","3533.9403710188967","3883.8560461485768","3883.8560461485768","3883.8560461485768","4045.271713469224","4045.271713469224","4045.271713469224","4093.3751196331946","4093.3751196331946","4093.3751196331946"
"85","3526.8753184880284","3526.8753184880284","3526.8753184880284","3885.9601593543516","3885.9601593543516","3885.9601593543516","4043.2002864457763","4043.2002864457763","4043.2002864457763","4095.252989936303","4095.252989936303","4095.252989936303"
"86","3523.999811202655","3523.999811202655","3523.999811202655","3888.49837737852","3888.49837737852","3888.49837737852","4040.2386385945733","4040.2386385945733","4040.2386385945733","4097.713096183384","4097.713096183384","4097.713096183384"
"87","3517.327914378099","3517.327914378099","3517.327914378099","3890.9668362942084","3890.9668362942084","3890.9668362942084","4034.695684743754","4034.695684743754","4034.695684743754","4097.2181327191365","4097.2181327191365","4097.2181327191365"
"88","3516.3806112881193","3516.3806112881193","3516.3806112881193","3898.0574354306464","3898.0574354306464","3898.0574354306464","4038.426698087735","4038.426698087735","4038.426698087735","4104.170898227824","4104.170898227824","4104.170898227824"
"89","3507.966843587734","3507.966843587734","3507.966843587734","3892.5232110498087","3892.5232110498087","3892.5232110498087","4035.3082840214634","4035.3082840214634","4035.3082840214634","4105.254592806685","4105.254592806685","4105.254592806685"
"90","3505.472933724955","3505.472933724955","3505.472933724955","3895.6239085062834","3895.6239085062834","3895.6239085062834","4039.085122010011","4039.085122010011","4039.085122010011","4106.159957854612","4106.159957854612","4106.159957854612"
"91","3500.771034782526","3500.771034782526","3500.771034782526","3893.148075809217","3893.148075809217","3893.148075809217","4038.9583377013973","4038.9583377013973","4038.9583377013973","4101.427492702111","4101.427492702111","4101.427492702111"
"92","3498.075058965378","3498.075058965378","3498.075058965378","3897.492328137379","3897.492328137379","3897.492328137379","4041.785214507175","4041.785214507175","4041.785214507175","4101.1685872263315","4101.1685872263315","4101.1685872263315"
"93","3494.3962098653637","3494.3962098653637","3494.3962098653637","3903.0289644587306","3903.0289644587306","3903.0289644587306","4040.676565138751","4040.676565138751","4040.676565138751","4107.871463413978","4107.871463413978","4107.871463413978"
"94","3488.4018426147204","3488.4018426147204","3488.4018426147204","3899.637896393711","3899.637896393711","3899.637896393711","4039.872716781497","4039.872716781497","4039.872716781497","4104.085990548347","4104.085990548347","4104.085990548347"
"95","3482.7876508693766","3482.7876508693766","3482.7876508693766","3901.647216138917","3901.647216138917","3901.647216138917","4045.419011335349","4045.419011335349","4045.419011335349","4107.7738815094335","4107.7738815094335","4107.7738815094335"
"96","3473.2248745571533","3473.2248745571533","3473.2248745571533","3901.3235031562567","3901.3235031562567","3901.3235031562567","4052.692557585191","4052.692557585191","4052.692557585191","4104.14265564916","4104.14265564916","4104.14265564916"
"97","3466.945112880475","3466.945112880475","3466.945112880475","3897.7348802663932","3897.7348802663932","3897.7348802663932","4056.484650509463","4056.484650509463","4056.484650509463","4101.76185419649","4101.76185419649","4101.76185419649"
"98","3461.7291356050428","3461.7291356050428","3461.7291356050428","3901.57857277986","3901.57857277986","3901.57857277986","4059.591557411726","4059.591557411726","4059.591557411726","4104.103793047424","4104.103793047424","4104.103793047424"
"99","3459.1862861812547","3459.1862861812547","3459.1862861812547","3899.091596373427","3899.091596373427","3899.091596373427","4061.142759312655","4061.142759312655","4061.142759312655","4101.378485757885","4101.378485757885","4101.378485757885"
"100","3456.048666925586","3456.048666925586","3456.048666925586","3898.706108204466","3898.706108204466","3898.706108204466","4064.5862964331295","4064.5862964331295","4064.5862964331295","4102.6960996921225","4102.6960996921225","4102.6960996921225"
"101","3454.6836227840554","3454.6836227840554","3454.6836227840554","3900.6017313645534","3900.6017313645534","3900.6017313645534","4061.5135291747883","4061.5135291747883","4061.5135291747883","4101.020429303881","4101.020429303881","4101.020429303881"
"102","3452.947591916991","3452.947591916991","3452.947591916991","3901.615198792515","3901.615198792515","3901.615198792515","4061.747287697438","4061.747287697438","4061.747287697438","4101.308956930688","4101.308956930688","4101.308956930688"
"103","3453.916894368157","3453.916894368157","3453.916894368157","3901.5155200477407","3901.5155200477407","3901.5155200477407","4063.6294144481635","4063.6294144481635","4063.6294144481635","4103.159246226999","4103.159246226999","4103.159246226999"
"104","3450.551547974406","3450.551547974406","3450.551547974406","3902.141566779058","3902.141566779058","3902.141566779058","4065.8673173843545","4065.8673173843545","4065.8673173843545","4097.030045470634","4097.030045470634","4097.030045470634"
"105","3443.0311134582885","3443.0311134582885","3443.0311134582885","3902.3855537056725","3902.3855537056725","3902.3855537056725","4065.0321521632854","4065.0321521632854","4065.0321521632854","4097.053550328007","4097.053550328007","4097.053550328007"
"106","3440.8568061134906","3440.8568061134906","3440.8568061134906","3903.6881765632156","3903.6881765632156","3903.6881765632156","4063.986484494087","4063.986484494087","4063.986484494087","4098.24033907772","4098.24033907772","4098.24033907772"
"107","3437.9693435991003","3437.9693435991003","3437.9693435991003","3899.745700983668","3899.745700983668","3899.745700983668","4063.7341294631156","4063.7341294631156","4063.7341294631156","4092.9958545052796","4092.9958545052796","4092.9958545052796"
"108","3432.283209340972","3432.283209340972","3432.283209340972","3896.036578765006","3896.036578765006","3896.036578765006","4063.104951743702","4063.104951743702","4063.104951743702","4089.784175010121","4089.784175010121","4089.784175010121"
"109","3427.3796501249967","3427.3796501249967","3427.3796501249967","3897.068590684176","3897.068590684176","3897.068590684176","4063.9054140893827","4063.9054140893827","4063.9054140893827","4086.4332769038897","4086.4332769038897","4086.4332769038897"
"110","3425.262045555861","3425.262045555861","3425.262045555861","3894.2041496463803","3894.2041496463803","3894.2041496463803","4069.2152627989385","4069.2152627989385","4069.2152627989385","4084.9454035454683","4084.9454035454683","4084.9454035454683"
"111","3419.7420716282386","3419.7420716282386","3419.7420716282386","3892.004998757219","3892.004998757219","3892.004998757219","4071.0932291704544","4071.0932291704544","4071.0932291704544","4085.0191189608995","4085.0191189608995","4085.0191189608995"
"112","3414.930725149514","3414.930725149514","3414.930725149514","3892.4116213812554","3892.4116213812554","3892.4116213812554","4066.981475129133","4066.981475129133","4066.981475129133","4080.815876082315","4080.815876082315","4080.815876082315"
"113","3411.3705344678197","3411.3705344678197","3411.3705344678197","3890.3961813605483","3890.3961813605483","3890.3961813605483","4067.7744220986415","4067.7744220986415","4067.7744220986415","4079.207881361789","4079.207881361789","4079.207881361789"
"114","3409.8465139534355","3409.8465139534355","3409.8465139534355","3892.701499520182","3892.701499520182","3892.701499520182","4068.315414672257","4068.315414672257","4068.315414672257","4078.5444583921417","4078.5444583921417","4078.5444583921417"
"115","3410.209556758664","3410.209556758664","3410.209556758664","3895.4842523061584","3895.4842523061584","3895.4842523061584","4066.3009761682993","4066.3009761682993","4066.3009761682993","4078.9460184023987","4078.9460184023987","4078.9460184023987"
"116","3402.3609109472814","3402.3609109472814","3402.3609109472814","3892.2340800765337","3892.2340800765337","3892.2340800765337","4061.0969748612933","4061.0969748612933","4061.0969748612933","4073.848091668652","4073.848091668652","4073.848091668652"
"117","3405.302944235871","3405.302944235871","3405.302944235871","3893.679319361261","3893.679319361261","3893.679319361261","4056.9163407255737","4056.9163407255737","4056.9163407255737","4078.0314615393368","4078.0314615393368","4078.0314615393368"
"118","3403.7394519583886","3403.7394519583886","3403.7394519583886","3892.5540327164686","3892.5540327164686","3892.5540327164686","4052.9881540259626","4052.9881540259626","4052.9881540259626","4079.2731893978385","4079.2731893978385","4079.2731893978385"
"119","3399.2125667513346","3399.2125667513346","3399.2125667513346","3891.2261335624976","3891.2261335624976","3891.2261335624976","4047.3062457937503","4047.3062457937503","4047.3062457937503","4077.7955288686876","4077.7955288686876","4077.7955288686876"
"120","3396.052105058623","3396.052105058623","3396.052105058623","3893.021779289825","3893.021779289825","3893.021779289825","4047.487955836904","4047.487955836904","4047.487955836904","4081.275933140705","4081.275933140705","4081.275933140705"
"121","3391.7900609657518","3391.7900609657518","3391.7900609657518","3892.778317450311","3892.778317450311","3892.778317450311","4048.8652687837666","4048.8652687837666","4048.8652687837666","4077.85816496905","4077.85816496905","4077.85816496905"
"122","3391.2824374075785","3391.2824374075785","3391.2824374075785","3892.138884841123","3892.138884841123","3892.138884841123","4050.7822546541033","4050.7822546541033","4050.7822546541033","4077.535061776858","4077.535061776858","4077.535061776858"
"123","3392.142037174483","3392.142037174483","3392.142037174483","3890.6517518880178","3890.6517518880178","3890.6517518880178","4053.341094178341","4053.341094178341","4053.341094178341","4079.0627982113997","4079.0627982113997","4079.0627982113997"
"124","3391.122274206121","3391.122274206121","3391.122274206121","3887.523194591816","3887.523194591816","3887.523194591816","4048.269905270189","4048.269905270189","4048.269905270189","4076.0710678044275","4076.0710678044275","4076.0710678044275"
"125","3389.5703961418794","3389.5703961418794","3389.5703961418794","3889.236006864155","3889.236006864155","3889.236006864155","4044.787938503076","4044.787938503076","4044.787938503076","4076.7395084491377","4076.7395084491377","4076.7395084491377"
"126","3388.5904843072453","3388.5904843072453","3388.5904843072453","3886.519732948144","3886.519732948144","3886.519732948144","4046.0353555999027","4046.0353555999027","4046.0353555999027","4076.1197047318815","4076.1197047318815","4076.1197047318815"
"127","3386.6826878013853","3386.6826878013853","3386.6826878013853","3886.548065206622","3886.548065206622","3886.548065206622","4043.5239164377563","4043.5239164377563","4043.5239164377563","4078.2605232991123","4078.2605232991123","4078.2605232991123"
"128","3387.940924321849","3387.940924321849","3387.940924321849","3883.702738148778","3883.702738148778","3883.702738148778","4040.706768293263","4040.706768293263","4040.706768293263","4077.2412854441604","4077.2412854441604","4077.2412854441604"
"129","3383.056159052197","3383.056159052197","3383.056159052197","3884.1573513150247","3884.1573513150247","3884.1573513150247","4042.5283721347564","4042.5283721347564","4042.5283721347564","4076.7241128763694","4076.7241128763694","4076.7241128763694"
"130","3379.5156822048525","3379.5156822048525","3379.5156822048525","3883.9776934712177","3883.9776934712177","3883.9776934712177","4043.3048991584396","4043.3048991584396","4043.3048991584396","4074.9732220411506","4074.9732220411506","4074.9732220411506"
"131","3377.985810619898","3377.985810619898","3377.985810619898","3884.08631207152","3884.08631207152","3884.08631207152","4041.784191216757","4041.784191216757","4041.784191216757","4073.4581466581035","4073.4581466581035","4073.4581466581035"
"132","3377.352384405697","3377.352384405697","3377.352384405697","3885.371149031591","3885.371149031591","3885.371149031591","4042.060901777254","4042.060901777254","4042.060901777254","4070.356084207441","4070.356084207441","4070.356084207441"
"133","3375.469228270666","3375.469228270666","3375.469228270666","3885.9528098769724","3885.9528098769724","3885.9528098769724","4039.4839491851503","4039.4839491851503","4039.4839491851503","4074.118013655746","4074.118013655746","4074.118013655746"
"134","3371.9451747713074","3371.9451747713074","3371.9451747713074","3886.3045182845794","3886.3045182845794","3886.3045182845794","4039.649119551431","4039.649119551431","4039.649119551431","4070.933720780108","4070.933720780108","4070.933720780108"
"135","3371.1306168185715","3371.1306168185715","3371.1306168185715","3885.669702381601","3885.669702381601","3885.669702381601","4037.753845107021","4037.753845107021","4037.753845107021","4072.9182141203455","4072.9182141203455","4072.9182141203455"
"136","3369.4242777454124","3369.4242777454124","3369.4242777454124","3888.5351289636064","3888.5351289636064","3888.5351289636064","4035.7554851890336","4035.7554851890336","4035.7554851890336","4075.3069955174296","4075.3069955174296","4075.3069955174296"
"137","3369.381956275065","3369.381956275065","3369.381956275065","3886.528785175918","3886.528785175918","3886.528785175918","4038.4007020623735","4038.4007020623735","4038.4007020623735","4078.871983193164","4078.871983193164","4078.871983193164"
"138","3367.5527900854745","3367.5527900854745","3367.5527900854745","3888.518427884887","3888.518427884887","3888.518427884887","4036.4192916539005","4036.4192916539005","4036.4192916539005","4079.9717385593394","4079.9717385593394","4079.9717385593394"
"139","3363.2009426690624","3363.2009426690624","3363.2009426690624","3885.8195627012196","3885.8195627012196","3885.8195627012196","4039.1333335408517","4039.1333335408517","4039.1333335408517","4077.5330632742352","4077.5330632742352","4077.5330632742352"
"140","3361.4815381209883","3361.4815381209883","3361.4815381209883","3883.08063010298","3883.08063010298","3883.08063010298","4038.166911111434","4038.166911111434","4038.166911111434","4074.232586478669","4074.232586478669","4074.232586478669"
"141","3358.38188918436","3358.38188918436","3358.38188918436","3883.9448834947643","3883.9448834947643","3883.9448834947643","4040.316883231136","4040.316883231136","4040.316883231136","4073.51524751609","4073.51524751609","4073.51524751609"
"142","3356.054969736098","3356.054969736098","3356.054969736098","3884.5438574792784","3884.5438574792784","3884.5438574792784","4039.5994619432163","4039.5994619432163","4039.5994619432163","4077.0969883420316","4077.0969883420316","4077.0969883420316"
"143","3353.663087944299","3353.663087944299","3353.663087944299","3883.6151065999925","3883.6151065999925","3883.6151065999925","4040.6862620963566","4040.6862620963566","4040.6862620963566","4075.127796705989","4075.127796705989","4075.127796705989"
"144","3354.259417535965","3354.259417535965","3354.259417535965","3883.4608008200116","3883.4608008200116","3883.4608008200116","4040.3973988367784","4040.3973988367784","4040.3973988367784","4078.069000230932","4078.069000230932","4078.069000230932"
"145","3356.3774038733536","3356.3774038733536","3356.3774038733536","3885.462521049005","3885.462521049005","3885.462521049005","4041.4697711281397","4041.4697711281397","4041.4697711281397","4077.09002699473","4077.09002699473","4077.09002699473"
"146","3352.6807265876255","3352.6807265876255","3352.6807265876255","3889.122314521842","3889.122314521842","3889.122314521842","4039.4824150318486","4039.4824150318486","4039.4824150318486","4076.9125871482124","4076.9125871482124","4076.9125871482124"
"147","3351.7103600161395","3351.7103600161395","3351.7103600161395","3891.0953574385385","3891.0953574385385","3891.0953574385385","4039.672883884779","4039.672883884779","4039.672883884779","4077.870050688313","4077.870050688313","4077.870050688313"
"148","3348.3821921010035","3348.3821921010035","3348.3821921010035","3889.552072336755","3889.552072336755","3889.552072336755","4039.3493110898844","4039.3493110898844","4039.3493110898844","4079.1054186843876","4079.1054186843876","4079.1054186843876"
"149","3347.080178341475","3347.080178341475","3347.080178341475","3891.9514520861326","3891.9514520861326","3891.9514520861326","4037.4800134877905","4037.4800134877905","4037.4800134877905","4082.6991046558855","4082.6991046558855","4082.6991046558855"
"150","3343.9093492470197","3343.9093492470197","3343.9093492470197","3893.0916377574536","3893.0916377574536","3893.0916377574536","4040.4603674287077","4040.4603674287077","4040.4603674287077","4083.571101398378","4083.571101398378","4083.571101398378"
"151","3341.0646920006534","3341.0646920006534","3341.0646920006534","3894.0749209898295","3894.0749209898295","3894.0749209898295","4039.2499088005984","4039.2499088005984","4039.2499088005984","4083.434065600397","4083.434065600397","4083.434065600397"
"152","3341.264428387194","3341.264428387194","3341.264428387194","3896.179214616045","3896.179214616045","3896.179214616045","4036.8241299697056","4036.8241299697056","4036.8241299697056","4084.348609705852","4084.348609705852","4084.348609705852"
"153","3338.8540864205133","3338.8540864205133","3338.8540864205133","3896.8444587092463","3896.8444587092463","3896.8444587092463","4037.680312882963","4037.680312882963","4037.680312882963","4087.7015449548276","4087.7015449548276","4087.7015449548276"
"154","3337.2835255149776","3337.2835255149776","3337.2835255149776","3897.188573789469","3897.188573789469","3897.188573789469","4038.7122699517645","4038.7122699517645","4038.7122699517645","4089.7978931489642","4089.7978931489642","4089.7978931489642"
"155","3334.9788264978133","3334.9788264978133","3334.9788264978133","3899.846218803811","3899.846218803811","3899.846218803811","4037.3538697185822","4037.3538697185822","4037.3538697185822","4087.7767321563765","4087.7767321563765","4087.7767321563765"
"156","3332.451203056556","3332.451203056556","3332.451203056556","3897.409803816537","3897.409803816537","3897.409803816537","4036.6177074402394","4036.6177074402394","4036.6177074402394","4083.318107417151","4083.318107417151","4083.318107417151"
"157","3330.0545438895756","3330.0545438895756","3330.0545438895756","3897.0578061261913","3897.0578061261913","3897.0578061261913","4035.0970685956486","4035.0970685956486","4035.0970685956486","4084.19706479465","4084.19706479465","4084.19706479465"
"158","3330.5813405500235","3330.5813405500235","3330.5813405500235","3899.192901497593","3899.192901497593","3899.192901497593","4034.665695841267","4034.665695841267","4034.665695841267","4082.621378336683","4082.621378336683","4082.621378336683"
"159","3333.115739505407","3333.115739505407","3333.115739505407","3899.4665884693773","3899.4665884693773","3899.4665884693773","4036.409483012931","4036.409483012931","4036.409483012931","4082.3169132654957","4082.3169132654957","4082.3169132654957"
"160","3331.5014933798107","3331.5014933798107","3331.5014933798107","3897.786933966498","3897.786933966498","3897.786933966498","4036.331090396269","4036.331090396269","4036.331090396269","4083.847354822133","4083.847354822133","4083.847354822133"
"161","3328.324721111408","3328.324721111408","3328.324721111408","3896.3981377816453","3896.3981377816453","3896.3981377816453","4036.0918331326534","4036.0918331326534","4036.0918331326534","4084.161666048225","4084.161666048225","4084.161666048225"
"162","3327.9269000880145","3327.9269000880145","3327.9269000880145","3895.7275827578346","3895.7275827578346","3895.7275827578346","4034.936175461497","4034.936175461497","4034.936175461497","4083.835682642557","4083.835682642557","4083.835682642557"
"163","3326.7770319980073","3326.7770319980073","3326.7770319980073","3896.538311972179","3896.538311972179","3896.538311972179","4034.3857891159983","4034.3857891159983","4034.3857891159983","4085.541014655573","4085.541014655573","4085.541014655573"
"164","3324.7368112562526","3324.7368112562526","3324.7368112562526","3895.554084110152","3895.554084110152","3895.554084110152","4034.5542748094595","4034.5542748094595","4034.5542748094595","4085.4770723366546","4085.4770723366546","4085.4770723366546"
"165","3322.9318592993422","3322.9318592993422","3322.9318592993422","3895.385194178219","3895.385194178219","3895.385194178219","4032.85591653454","4032.85591653454","4032.85591653454","4083.8685275080834","4083.8685275080834","4083.8685275080834"
"166","3320.1712690460786","3320.1712690460786","3320.1712690460786","3892.4767019912465","3892.4767019912465","3892.4767019912465","4036.937623705219","4036.937623705219","4036.937623705219","4081.52134672866","4081.52134672866","4081.52134672866"
"167","3318.9199687368514","3318.9199687368514","3318.9199687368514","3890.7715046340563","3890.7715046340563","3890.7715046340563","4035.764376364931","4035.764376364931","4035.764376364931","4078.8858207690278","4078.8858207690278","4078.8858207690278"
"168","3319.7760952202734","3319.7760952202734","3319.7760952202734","3895.3486594537667","3895.3486594537667","3895.3486594537667","4036.1354901898894","4036.1354901898894","4036.1354901898894","4084.575739806201","4084.575739806201","4084.575739806201"
"169","3317.837065348752","3317.837065348752","3317.837065348752","3892.7547664938797","3892.7547664938797","3892.7547664938797","4033.7373866040793","4033.7373866040793","4033.7373866040793","4081.971677270583","4081.971677270583","4081.971677270583"
"170","3314.649927363296","3314.649927363296","3314.649927363296","3894.181573262688","3894.181573262688","3894.181573262688","4032.2932930555507","4032.2932930555507","4032.2932930555507","4081.8189098194634","4081.8189098194634","4081.8189098194634"
"171","3314.034567934605","3314.034567934605","3314.034567934605","3895.212756522613","3895.212756522613","3895.212756522613","4033.321839720906","4033.321839720906","4033.321839720906","4084.4838044966727","4084.4838044966727","4084.4838044966727"
"172","3310.687755766329","3310.687755766329","3310.687755766329","3892.928567664859","3892.928567664859","3892.928567664859","4029.5696340483014","4029.5696340483014","4029.5696340483014","4083.67243152185","4083.67243152185","4083.67243152185"
"173","3309.1724986406043","3309.1724986406043","3309.1724986406043","3892.3028151116887","3892.3028151116887","3892.3028151116887","4031.495479159384","4031.495479159384","4031.495479159384","4084.178082809014","4084.178082809014","4084.178082809014"
"174","3306.696200637873","3306.696200637873","3306.696200637873","3891.0776751052936","3891.0776751052936","3891.0776751052936","4032.0857947457616","4032.0857947457616","4032.0857947457616","4084.993307082491","4084.993307082491","4084.993307082491"
"175","3304.161173921364","3304.161173921364","3304.161173921364","3892.702672680199","3892.702672680199","3892.702672680199","4034.1590814091874","4034.1590814091874","4034.1590814091874","4086.906108177675","4086.906108177675","4086.906108177675"
"176","3302.7829686108835","3302.7829686108835","3302.7829686108835","3896.2813639880965","3896.2813639880965","3896.2813639880965","4032.6958278364286","4032.6958278364286","4032.6958278364286","4087.858376581352","4087.858376581352","4087.858376581352"
"177","3302.6535275069664","3302.6535275069664","3302.6535275069664","3896.846556900539","3896.846556900539","3896.846556900539","4033.7240878035063","4033.7240878035063","4033.7240878035063","4089.101963188665","4089.101963188665","4089.101963188665"
"178","3299.888339253729","3299.888339253729","3299.888339253729","3895.371149735687","3895.371149735687","3895.371149735687","4033.5785394011805","4033.5785394011805","4033.5785394011805","4088.3366248683733","4088.3366248683733","4088.3366248683733"
"179","3297.593056388657","3297.593056388657","3297.593056388657","3896.1862804401944","3896.1862804401944","3896.1862804401944","4035.2529949576783","4035.2529949576783","4035.2529949576783","4086.495378786405","4086.495378786405","4086.495378786405"
"180","3295.4236956916466","3295.4236956916466","3295.4236956916466","3899.2572847376223","3899.2572847376223","3899.2572847376223","4033.8487135483583","4033.8487135483583","4033.8487135483583","4087.8171272080563","4087.8171272080563","4087.8171272080563"
"181","3296.6401005013468","3296.6401005013468","3296.6401005013468","3900.3613596764358","3900.3613596764358","3900.3613596764358","4034.7462334043166","4034.7462334043166","4034.7462334043166","4088.025447380058","4088.025447380058","4088.025447380058"
"182","3294.4103871999537","3294.4103871999537","3294.4103871999537","3896.0930678228333","3896.0930678228333","3896.0930678228333","4033.0821772507343","4033.0821772507343","4033.0821772507343","4088.0944928418676","4088.0944928418676","4088.0944928418676"
"183","3293.6283077444773","3293.6283077444773","3293.6283077444773","3897.26459200629","3897.26459200629","3897.26459200629","4032.089745059507","4032.089745059507","4032.089745059507","4088.3830482388767","4088.3830482388767","4088.3830482388767"
"184","3290.5316174211334","3290.5316174211334","3290.5316174211334","3895.7500544447016","3895.7500544447016","3895.7500544447016","4030.2379167142285","4030.2379167142285","4030.2379167142285","4088.152257689367","4088.152257689367","4088.152257689367"
"185","3287.8571469485414","3287.8571469485414","3287.8571469485414","3895.6254565349345","3895.6254565349345","3895.6254565349345","4029.370817274876","4029.370817274876","4029.370817274876","4088.252671227375","4088.252671227375","4088.252671227375"
"186","3285.432710722964","3285.432710722964","3285.432710722964","3895.9801571819653","3895.9801571819653","3895.9801571819653","4027.8535136788078","4027.8535136788078","4027.8535136788078","4090.85383858321","4090.85383858321","4090.85383858321"
"187","3285.2176981342195","3285.2176981342195","3285.2176981342195","3895.1427220814","3895.1427220814","3895.1427220814","4028.3817323818766","4028.3817323818766","4028.3817323818766","4090.0085019093253","4090.0085019093253","4090.0085019093253"
"188","3284.3614291433923","3284.3614291433923","3284.3614291433923","3893.7918465997145","3893.7918465997145","3893.7918465997145","4026.2954389734277","4026.2954389734277","4026.2954389734277","4093.2237707434388","4093.2237707434388","4093.2237707434388"
"189","3283.06915181429","3283.06915181429","3283.06915181429","3893.427158599579","3893.427158599579","3893.427158599579","4024.639331576294","4024.639331576294","4024.639331576294","4093.252110337734","4093.252110337734","4093.252110337734"
"190","3282.7790463799543","3282.7790463799543","3282.7790463799543","3895.0503502473807","3895.0503502473807","3895.0503502473807","4026.7150189144463","4026.7150189144463","4026.7150189144463","4095.4163062840485","4095.4163062840485","4095.4163062840485"
"191","3280.282335140307","3280.282335140307","3280.282335140307","3895.4816910634213","3895.4816910634213","3895.4816910634213","4026.4613645737104","4026.4613645737104","4026.4613645737104","4095.6923426215144","4095.6923426215144","4095.6923426215144"
"192","3281.177233901853","3281.177233901853","3281.177233901853","3898.937025160386","3898.937025160386","3898.937025160386","4026.158563685707","4026.158563685707","4026.158563685707","4099.537333904074","4099.537333904074","4099.537333904074"
"193","3279.2613350665642","3279.2613350665642","3279.2613350665642","3899.429890435429","3899.429890435429","3899.429890435429","4024.1584978743927","4024.1584978743927","4024.1584978743927","","",""
"194","3276.735066417181","3276.735066417181","3276.735066417181","","","","4022.86244414321","4022.86244414321","4022.86244414321","","",""